,artist_name,track_name,track_id,popularity,danceability,energy,key,loudness,mode,speechiness,acousticness,instrumentalness,liveness,valence,tempo,duration_ms,time_signature
0,Frank Sinatra,Someone to Watch Over Me,2W889aLIKxULEefrleFBFI,53,0.204,0.151,2,-17.842,1,0.0418,0.947,9.15e-06,0.321,0.134,91.783,198000,3
1,Dooley Wilson,As Time Goes By,5X0M16GjlZYN1WjPNzerb5,37,0.427,0.24,1,-15.485,1,0.035,0.968,1.55e-05,0.127,0.305,78.056,164587,4
2,Warner Bros Studio Orchestra,"Play It Sam... Play ""As Time Goes By""",1z3hEqfWdPvcr4vNiMmM1h,18,0.319,0.349,1,-14.649,1,0.105,0.934,0.00473,0.39,0.0849,100.433,298933,5
3,Alfred Drake,"Oh, What A Beautiful Mornin'",18Lxour9k0zowOzlPIrlPF,19,0.4,0.308,3,-10.749,1,0.0389,0.975,0.000412,0.0807,0.361,81.336,152120,4
4,Dooley Wilson,Knock On Wood,3T5Lb649Q6dkYO7oeojvCD,17,0.698,0.605,5,-10.259,1,0.253,0.916,0.0,0.897,0.828,89.608,76533,4
5,Alfred Drake,Oklahoma,1gmK889zKeVBpdmkv0hv4N,18,0.672,0.441,6,-10.989,0,0.17,0.887,0.0,0.122,0.765,68.552,150493,4
6,Dooley Wilson,Medley (It Had to Be You / Shine),7oVXTAp7sLsQUd1uTzJyvt,15,0.563,0.551,3,-10.024,1,0.0495,0.822,0.00209,0.407,0.913,106.318,122440,4
7,Warner Bros Studio Orchestra,Medley (Paris Montage),1prZhukD3a97mfYZjGjk2D,15,0.159,0.342,1,-8.815,1,0.0297,0.913,0.599,0.147,0.0494,85.148,228773,4
8,Warner Bros Studio Orchestra,Medley (Main Title / Prologue),4uKO8BPzrtLeJWc6wyk8du,14,0.278,0.414,4,-10.205,1,0.0388,0.722,0.126,0.115,0.086,110.479,320440,4
9,Warner Bros Studio Orchestra,Of All the Gin Joints In All the Towns In All the World...,0ahmYaH4xUcP1g72ZZRFox,13,0.558,0.499,10,-18.105,1,0.857,0.915,0.0,0.913,0.097,114.777,115160,1
10,Lead Belly,(Good Night) Irene (Take 1),5OmiGKT17kkEZRGYazTaNe,17,0.508,0.324,9,-6.746,1,0.0315,0.903,0.0761,0.186,0.62,123.075,145345,4
11,Frank Sinatra,I've Got a Crush on You,4w0gBz5PAEURZpMH0XgdVL,16,0.484,0.0635,3,-18.572,1,0.0476,0.94,2.47e-05,0.105,0.263,70.617,197240,3
12,Warner Bros Studio Orchestra,Medley (Ilsa Returns / As Time Goes By / Bitterness / Laszlo / Agitato No. 1 / Ilsa / La Marseillaise),74TtojWj3rgGAdHZn7zEQo,11,0.184,0.182,3,-19.852,1,0.0358,0.926,0.969,0.13,0.0385,87.241,193000,4
13,Warner Bros Studio Orchestra,Medley (Die Wacht Am Rhein / La Marseillaise),5HS7irZ8xbaSqamJCyFjWy,11,0.557,0.598,2,-12.252,1,0.562,0.941,0.0,0.114,0.245,118.423,275067,3
14,Warner Bros Studio Orchestra,Arrival of Ilsa And Victor At Rick's,2m0OM4hfFOK4UxpXt8MwGI,10,0.59,0.483,8,-14.352,1,0.848,0.969,0.0,0.146,0.825,103.893,76307,1
15,Warner Bros Studio Orchestra,Medley (At La Belle Aurore),2wbFnJD06mkGQtkb5HUT1o,10,0.105,0.329,7,-11.004,0,0.0325,0.835,0.957,0.346,0.0433,82.085,283667,4
16,Warner Bros Studio Orchestra,"Airport Finale / Here's Looking At You, Kid",3Ij1a9jBlUrNpkgHNT1TL4,10,0.435,0.759,5,-11.478,1,0.47,0.901,6.42e-05,0.362,0.223,108.977,400267,3
17,Warner Bros Studio Orchestra,Medley (Shine / It Had to Be You) - Alternate Orchestral Version,4Vd55FimhqspMaAsGFF8yV,10,0.542,0.41,0,-9.932,0,0.0545,0.976,0.895,0.0661,0.81,154.114,140667,4
18,Warner Bros Studio Orchestra,Rick and Renault,7BSRUbQlpGGMmj4jxd67nD,10,0.655,0.57,9,-14.755,0,0.892,0.958,0.0,0.372,0.541,112.322,71560,4
19,Warner Bros Studio Orchestra,Medley (Laszlo / As Time Goes By / Orders / Die Wacht Am Rhein / Motor / Ilsa Returns / Telephone / Deutschland Über Alles / La Marseillaise / Plane),0wlSJS0HLZ5msbiwH6sT6m,11,0.14,0.181,5,-18.413,1,0.0337,0.936,0.945,0.154,0.0477,96.703,379680,4
20,Alfred Drake,People Will Say We're In Love,1HuIThAQ9aWdUJ2118ov8i,9,0.349,0.159,1,-12.689,1,0.0379,0.94,0.0,0.18,0.184,78.985,190053,4
21,Frank Sinatra,Somebody Loves Me,1f2D1s2z1H8d4GDmVwySXL,13,0.619,0.28,0,-11.14,0,0.0506,0.807,0.0,0.178,0.632,148.8,111867,5
22,Warner Bros Studio Orchestra,Ilsa Returns to Rick's,3Hoq08EmpC3OsRewVtiiYz,9,0.452,0.401,10,-15.658,1,0.272,0.881,1.14e-06,0.149,0.148,110.275,191800,5
23,Dooley Wilson,Knock On Wood - Alternate Version,3iULzsWhpopz4UHzELBomM,9,0.616,0.353,5,-13.088,1,0.89,0.949,0.0,0.286,0.693,179.584,83893,3
24,Frank Sinatra,Embraceable You,6tavo8LXAi88HpuHrw4lD7,13,0.292,0.226,3,-14.566,1,0.0378,0.917,0.00801,0.158,0.198,92.671,173307,4
25,Dooley Wilson,Dat's What Noah Done - Outtake,78sQBmYXPha2MeKjEzZHAK,9,0.565,0.306,0,-11.069,0,0.154,0.963,0.0,0.0603,0.533,172.359,80933,4
26,Warner Bros Studio Orchestra,Ilsa Demands the Letters,0D3P367dxVgfbAO0o233rI,8,0.387,0.401,8,-15.095,1,0.151,0.924,7.24e-06,0.146,0.201,86.313,219400,3
27,Alfred Newman,Unused Cue #3 - From “The Song Of Bernadette”,0Um8V6IYIBuy6J8JcMRedO,6,0.162,0.133,4,-19.599,1,0.0399,0.495,0.802,0.267,0.072,92.586,77267,4
28,Warner Bros Studio Orchestra,Rick Confronts Ilsa and Laszlo,1y6mjHiyMhtQEV1VnLeEVZ,7,0.528,0.512,1,-14.278,0,0.62,0.937,1.76e-05,0.227,0.376,112.865,143893,5
29,Frank Sinatra,'S Wonderful,2MsBarYWHEFyCYt5MsIGGg,9,0.684,0.21,10,-16.026,1,0.105,0.986,0.35,0.951,0.602,171.666,64867,4
30,Alfred Newman,Unused Cue #1 - From “The Song Of Bernadette”,2mLTfNf0bdnmgjcCCRz3wM,7,0.114,0.133,9,-18.976,1,0.0416,0.81,0.923,0.106,0.036,76.593,254200,5
31,Alfred Newman,The Reverend - From “The Song Of Bernadette”,3YvUSiHom8x4oZgvs27yuk,7,0.19,0.111,4,-15.495,1,0.0367,0.777,0.837,0.107,0.0391,77.272,168173,4
32,Alfred Newman,You're Playing With Fire - From “The Song Of Bernadette”,3mBvCVYnYBf1JzzCERakNF,7,0.195,0.148,2,-18.032,1,0.0385,0.785,0.887,0.101,0.0745,91.238,99293,4
33,Alfred Newman,Your Life Begins - From “The Song Of Bernadette”,69wZtrVqQdwXpON3ebDVOU,7,0.177,0.222,11,-15.465,0,0.0401,0.817,0.942,0.209,0.0366,127.517,315307,4
34,Alfred Newman,The Spring Is Not For Me - From “The Song Of Bernadette”,6P6NUjb74g7WBdZqKuG6AL,7,0.142,0.13,7,-18.18,1,0.0365,0.499,0.723,0.134,0.0347,98.047,147933,4
35,Frank Sinatra,Love Walked In,0bYCGJ8kqKXnw4mGHEATC0,8,0.251,0.314,6,-13.784,1,0.0496,0.992,0.655,0.832,0.237,99.198,184693,5
36,Frank Sinatra,Night And Day (Show Opening),10EtiDDUz7GoRRpGD3vQpj,7,0.584,0.175,2,-19.122,1,0.752,0.979,0.0,0.746,0.393,117.984,89267,4
37,Frank Sinatra,Porgy And Bess Medley # 1,1SEK3Mb5MpKL9jE7TYDPxV,8,0.268,0.281,4,-11.375,0,0.032,0.915,4.64e-05,0.867,0.271,87.133,318667,4
38,Frank Sinatra,A Foggy Day,23B4EhyBqrhpvBFGk7MU7l,8,0.506,0.231,3,-10.446,1,0.0519,0.916,0.0,0.529,0.545,139.376,103373,4
39,Frank Sinatra,Someone To Watch Over Me,37ICsGsYmkZYkP9Y73ghfP,8,0.31,0.15,9,-19.119,1,0.0567,0.992,0.32,0.431,0.247,118.606,142173,4
40,Joan Roberts,Many A New Day,3ftWVDoDIor0qA0IOzYLsx,5,0.628,0.0693,2,-13.843,1,0.0938,0.913,0.0,0.183,0.343,127.882,185867,4
41,Celeste Holm,I Cain't Say No,3r30GCcsZckOYACYhcFzVs,5,0.725,0.131,0,-14.1,1,0.0716,0.712,0.0,0.119,0.567,123.059,182027,4
42,Alfred Drake,The Surrey With The Fringe On Top,3vSsJRF0UIlR7DAT6aS9nW,6,0.571,0.155,9,-12.843,1,0.0871,0.918,0.0,0.126,0.377,80.847,187013,4
43,Frank Sinatra,"Oh Bess, Where's My Bess?",4DbzJzBn8Kf2nzBkZKn4yz,8,0.23,0.195,2,-12.294,1,0.0356,0.937,9.49e-05,0.627,0.235,87.15,176027,4
44,Frank Sinatra,Soon,4zm1e8vYgnjN4twHQ0jRgU,8,0.467,0.21,10,-15.25,1,0.194,0.985,0.0,0.853,0.555,165.129,117467,4
45,Lead Belly,Christmas Song,5Sok3zh3xI6uHtf1G4hZ9e,10,0.612,0.258,6,-12.294,1,0.394,0.982,0.0,0.145,0.817,77.169,164624,3
46,Lee Dixon,Kansas City,18rhn533uO1Q0A2AAzJr8O,4,0.681,0.392,7,-10.587,1,0.0777,0.835,3.16e-06,0.131,0.889,124.756,167400,4
47,Alfred Drake,Pore Jud Is Daid,1TIzYuKM2ZzznANW4q9axG,4,0.399,0.16,4,-13.306,1,0.0347,0.873,0.0,0.185,0.279,135.557,169667,4
48,Frank Sinatra,Closing Comments,23AhaHsQR4xhj6VlHKT8oi,6,0.555,0.146,7,-17.171,1,0.255,0.992,0.00552,0.903,0.461,113.006,87600,5
49,Joan Roberts,Out Of My Dreams,4fQhrr1xZZ511uGjO0EzSM,3,0.239,0.214,8,-11.47,1,0.0325,0.774,0.0,0.0933,0.325,82.164,166680,4
50,Joseph Buloff,It's A Scandal! It's A Outrage!,4jKsKDFiZPs5rfjYgBXQMx,3,0.699,0.211,6,-12.645,0,0.436,0.843,0.0,0.135,0.515,104.764,195560,4
51,Alfred Newman,Overture - From “The Song Of Bernadette”,4k2itNYqYzkFa1b76Gr10R,5,0.0591,0.199,9,-13.384,1,0.0389,0.182,0.89,0.213,0.0547,53.289,412467,4
52,Alfred Drake,Lonely Room,65It2EZqzrXpaZzBGNoxkp,3,0.389,0.307,0,-11.824,0,0.0787,0.934,0.0,0.116,0.36,81.474,155507,5
53,Jay Blackton,Overture,6KUFVazqaP1Z1bN1OajCUY,3,0.463,0.415,9,-10.963,1,0.0421,0.671,0.962,0.333,0.609,84.303,197667,4
54,Betty Garde,The Farmer And The Cowman,6j4ZmZPV81pdg1xPJwMXuN,4,0.653,0.502,5,-9.747,1,0.131,0.707,0.0,0.419,0.812,123.596,320053,4
55,Celeste Holm,All Er Nothin',6wsKDADcidiQT3qDt1XvnD,3,0.531,0.238,3,-11.758,1,0.0948,0.823,0.0,0.0953,0.559,178.941,188533,4
56,Frank Sinatra,Porgy And Bess Medley # 2,6zkMQrewYccNVGcqaxQVjm,7,0.354,0.266,9,-12.956,0,0.074,0.992,0.00107,0.309,0.255,140.704,517333,3
57,Frank Sinatra,It Ain't Necessarily So,7hzInuP6EgG0xRbkph7K1T,7,0.496,0.362,9,-9.988,1,0.103,0.992,2.39e-05,0.95,0.457,96.958,224707,4
58,Alfred Newman,Commission Convenes - Alternate,01pJywxopzFQ5c5Hdh8HP4,0,0.0638,0.245,4,-11.141,1,0.0371,0.53,0.875,0.144,0.0779,73.404,151560,4
59,Ramola,Dhoop Hai Dhalti,02l0jMFiE7EbgiCkoiPAs0,0,0.666,0.238,11,-9.059,1,0.283,0.99,0.741,0.117,0.78,83.626,171311,3
60,Richard Rodgers,Cinderella (1957): In My Own Little Corner - Voice,03uyX5pXSMsZwDaQHrR09o,1,0.319,0.196,5,-16.174,1,0.0526,0.884,0.0,0.124,0.161,145.932,223333,4
61,Bellary Lalitha,Varadaayini Sri Vaageswari Devi,04SboPX29wZcu9OjUx9zJj,0,0.419,0.254,1,-11.571,1,0.0378,0.918,0.78,0.406,0.473,67.345,151720,4
62,Lead Belly,Hawaiian Song,07iRjjJcOIAttGkwF6ZGqq,0,0.566,0.456,4,-8.638,1,0.0354,0.775,1.12e-05,0.187,0.952,130.123,101851,4
63,Santha Kumari,Ide Anandanu,09FwGofzt5Rnn1TsMpwMuV,0,0.419,0.332,1,-12.766,0,0.0687,0.994,0.574,0.112,0.87,72.931,159360,5
64,Zahur Raja,Yaad Kiye Ja,0D0Zb1xf0nhzBtFpzAXjeb,0,0.451,0.16,0,-11.565,1,0.0585,0.993,0.613,0.194,0.567,71.547,191226,5
65,Anima Dasgupta,Ei Rangamatir Deshe,0E6HcKN4Dn5i9AXjhpF2V1,0,0.586,0.361,0,-8.715,1,0.0501,0.992,0.876,0.216,0.95,146.222,174547,3
66,Govind Kurwalikar,Kiye Ja Kaam Milenge Daam,0ESgQam2fxkztbAM6tN6LM,0,0.68,0.27,3,-9.667,0,0.184,0.994,0.039,0.0926,0.601,127.928,168853,4
67,Ludwig van Beethoven,"Piano Sonata No. 14 in C-Sharp Minor, Op. 27 No. 2 ""Moonlight"": III. Presto agitato",0ETWkVifCPrAFqVadDS8DB,0,0.351,0.131,9,-20.487,1,0.0402,0.987,0.903,0.0853,0.114,88.348,393080,4
68,Sergei Rachmaninoff,"13 Preludes, Op. 32: No. 3 in E Major: Allegro vivace",0EmoCCRPyeOr8nSBu7Zrz3,0,0.451,0.187,9,-18.351,1,0.0451,0.993,0.924,0.135,0.244,120.885,154587,4
69,Vishnupant Pagnis,Prabhu Ji More Aao,0FBgHkypXd8LKsXLTWsOXe,0,0.647,0.227,11,-12.661,1,0.247,0.994,0.521,0.111,0.682,65.111,200753,4
70,Vasanti,Kahaan Kala Kala,0FSeJPgzmitiiPMKeFLXcW,0,0.578,0.193,2,-11.333,0,0.192,0.994,0.726,0.185,0.456,134.784,195799,3
71,Max Reger,"Variations And Fugue On A Theme By Wolfgang Amadeus Mozart, Op.132: Variation VI",0GNrCYcoh1TYBSBSmbzfKB,0,0.274,0.17,2,-16.494,1,0.0768,0.994,0.945,0.353,0.155,133.217,138648,3
72,Ludwig van Beethoven,"Piano Sonata No. 8 in C Minor, Op. 13 ""Pathétique"": III. Rondo. Allegro",0GwBTLNOJz1bUZbdUJ5CeE,0,0.339,0.151,0,-21.803,0,0.0412,0.993,0.935,0.2,0.28,108.764,242107,4
73,Academia dos Renascidos,Angelitude,0H952JFwlmhfGgI4GqZLDe,0,0.505,0.198,0,-21.045,1,0.175,0.94,0.00026,0.0904,0.397,93.736,91947,1
74,Umm Kulthum,Habeby Yasaed Awqato,0HW2YNfycgZkjgEaGfpfYE,0,0.467,0.559,11,-11.722,0,0.416,0.901,0.326,0.582,0.575,130.359,1349395,4
75,Francisco Canaro,Por las Calles de la Vida - Remasterizado,0HrfYJ8uvHXAPCnct0Snhc,0,0.649,0.171,2,-10.453,0,0.248,0.985,0.786,0.226,0.754,133.543,220680,3
76,Bhanumathi Ramakrishna,Oogave Oogave Uyyala,0IjGqq7KfQu2cZIPxERlws,0,0.482,0.302,8,-15.346,0,0.0705,0.995,0.844,0.104,0.762,128.343,155827,3
77,Richard Rodgers,The King and I (1951): I Whistle A Happy Tune - Voice,0McanHLRuqojpH1Gj7KKYl,0,0.672,0.193,10,-16.023,1,0.0503,0.952,4.09e-05,0.121,0.658,93.375,127160,4
78,Jikki,Cheyi Cheyi Kaluputham,0NHkLTqMvBI9Rx8aHpwuPN,0,0.48,0.474,1,-10.132,1,0.125,0.882,1.68e-05,0.346,0.966,165.288,219227,3
79,Francisco Canaro,Mientras Tu Me Quieras - Remasterizado,0NyOSptWJbQxz5SmlSQSyz,0,0.614,0.141,0,-12.317,0,0.0671,0.994,0.821,0.067,0.75,122.835,185600,4
80,Bastiaan Everink,Jingle Bells (One Horse Open Sleigh),0OTayCTXozQGCkuhtsMKuT,0,0.283,0.588,5,-7.827,1,0.0452,0.636,0.00395,0.14,0.76,202.422,158058,4
81,Francisco Canaro,Gricel - Remasterizado,0OtRfDwIsagXPmzOK59Oqm,0,0.467,0.166,9,-10.756,1,0.0381,0.92,0.577,0.208,0.463,126.387,173867,4
82,M. K. Thyagaraja Bhagavathar,Vallalalai Paadum Vaayaal,0PkzQsgs6DeCAQPvx4iFgo,1,0.422,0.477,3,-12.02,0,0.037,0.944,0.606,0.134,0.834,89.673,181853,4
83,Leela Pawar,Mat Piyo Mere Chhaila Tambakudi,0Q46mtHI9PVasvDn6Tq0MR,0,0.782,0.325,6,-8.325,0,0.27,0.992,0.167,0.164,0.923,139.34,201555,4
84,Mumtaz,Idhar Aa Meri Taraf,0R4gZjxHlQNM7Di7bjmKqS,0,0.626,0.238,5,-7.687,1,0.15,0.995,0.671,0.144,0.943,145.434,212471,3
85,Sergei Rachmaninoff,"10 Preludes, Op. 23: No. 8 in A-Flat Major: Allegro vivace",0RLleZCrONKkB4tbfOapXS,0,0.233,0.236,8,-18.029,1,0.035,0.987,0.925,0.122,0.219,90.333,192840,1
86,Ghantasala,Kaanagaraava,0RVdCzhOWjeWNIzDZ4V4iY,0,0.613,0.286,11,-10.833,1,0.0776,0.908,0.00194,0.281,0.885,137.122,206920,3
87,Lead Belly,How Long,0RXxtOl1xycLF5r7FP2W3o,0,0.53,0.334,0,-8.785,1,0.0563,0.93,0.779,0.12,0.648,122.322,134034,4
88,Academia dos Renascidos,O sono da virgem,0S8wKGfjN2Npes920nN8d7,0,0.478,0.119,4,-20.342,1,0.0908,0.908,0.0,0.135,0.647,82.623,236763,3
89,Academia dos Renascidos,A noite de luar,0SPvfDFV8YUIInJZfqb3oY,0,0.602,0.242,8,-17.619,1,0.225,0.91,0.0,0.187,0.531,61.028,122721,5
90,Raavu Balasaraswathi,Ikri Eri,0UEQIKHC5QEqohfFD6QMSg,0,0.299,0.314,7,-15.334,0,0.0477,0.991,0.899,0.248,0.749,78.796,193833,4
91,Bastiaan Everink,The XMAS Letter,0W9ZgvIwHoKxqCSZSEXkOM,0,0.311,0.528,3,-7.279,1,0.0867,0.562,0.0396,0.134,0.368,78.861,290064,3
92,Ashleigh Anita,I'll Be Home For Christmas,0WaNeMcpeA8VVLPCq4Y3dk,0,0.329,0.228,1,-8.566,1,0.03,0.963,5.73e-06,0.135,0.16,90.952,188000,4
93,Francisco Canaro,Muchacha - Remasterizado,0Wh0dYs9S9fpl8S2CTfsH8,0,0.463,0.273,11,-10.328,0,0.142,0.96,0.441,0.302,0.734,202.316,163747,3
94,Alfred Drake,Finale - Alternate Take,0XVslUQaQnN63VgeQpk444,1,0.286,0.238,5,-11.276,0,0.0314,0.947,5.1e-05,0.276,0.236,85.423,203547,4
95,Radharani,Manmohan Mukhda Mod Gaye,0XitYRqpZWdwJSK38XcV4P,0,0.402,0.174,9,-13.128,0,0.0524,0.992,0.723,0.123,0.139,66.593,210387,3
96,Alfred Newman,The Directives - From “The Song Of Bernadette”,0XoKQl23z1OqajX35MAdYX,0,0.16,0.364,2,-10.804,0,0.0349,0.836,0.933,0.11,0.0325,131.31,283067,4
97,Bastiaan Everink,Requiem for a Soldier (Theme Form Band of Brothers),0a8OJ2s5pyLoPLHwZZZ8YQ,0,0.153,0.236,4,-10.816,1,0.0361,0.953,0.32,0.109,0.0521,79.356,250056,4
98,Manna Dey,Ajab Bidhi Ka Lekh,0aDjRnL1j9TCbS00uQeiSI,0,0.653,0.366,3,-12.667,1,0.0508,0.989,0.456,0.303,0.803,140.436,184935,4
99,Kanika Banerjee,Kshane Kshane Mone Mone,0aR9Hec44w4RHS0vsXyAVH,0,0.375,0.117,9,-12.416,0,0.0358,0.993,0.644,0.243,0.191,129.256,190533,4
100,Lead Belly,Corn Bread Dough,0aXwUgxyO7OwQN8EOuBHze,0,0.613,0.512,7,-8.52,1,0.0796,0.953,0.385,0.363,0.98,127.395,128235,4
101,Asha Bhosle,Aayre Aay,0anTmnCYB55F5fehQRFUHJ,0,0.595,0.194,9,-13.158,1,0.0439,0.969,0.000796,0.0975,0.345,90.137,213613,4
102,Lead Belly,Stewball,0d9FgFDIe6lNQ7sph3GL64,0,0.488,0.405,9,-10.246,1,0.0414,0.891,0.0,0.0644,0.514,103.975,213734,4
103,K.C.Dey,Is Badalti Duniya Mein,0eLWgVrr9u0uvD3yHAT90M,0,0.465,0.0673,8,-18.826,1,0.0968,0.995,0.915,0.117,0.622,69.817,182394,4
104,Manna Dey,Ja Ja Ja,0emMn4FS3w2yXVHK4LDPcs,0,0.504,0.495,6,-13.315,1,0.309,0.975,0.0791,0.429,0.872,137.825,276107,3
105,Lead Belly,Nobody In The World Is Better Than Us,0gVWcEkx2wdaktl2eigiqx,0,0.472,0.624,4,-12.652,0,0.46,0.832,0.024,0.0766,0.966,185.479,29832,4
106,Richard Rodgers,The Sound of Music (1959): Climb Ev'ry Mountain - Voice,0gd45o4aEQjjrg14YcZ38S,0,0.24,0.452,0,-10.247,1,0.0366,0.943,8.36e-05,0.323,0.138,86.113,209427,5
107,Shanti Kumar Desai,Jab Tak Hai Yeh Rehti Duniya,0h30q1rH6EZTccsFU0Rsly,0,0.653,0.431,5,-8.154,0,0.0495,0.996,0.854,0.511,0.952,98.193,169755,4
108,Ludwig van Beethoven,"Piano Sonata No. 23 in F Minor, Op. 57 ""Appassionata"": II. Andante con moto",0h38h1NniWhcyrEQ8RX6QX,0,0.419,0.0296,1,-24.896,1,0.0395,0.992,0.936,0.101,0.187,97.255,424267,4
109,Arun Kumar,Ek Din Hansaye Ek Din Rulaye,0lwGoOPZD9AziZhaYZuaNv,0,0.334,0.217,5,-11.727,0,0.0422,0.973,2.38e-05,0.159,0.57,76.787,201787,1
110,Ramola,Ho Koi Rang Rangilee,0miuBucRYM96BjF3itHdWo,0,0.683,0.216,9,-10.957,0,0.416,0.995,0.751,0.38,0.865,105.543,148030,4
111,César Franck,"Psyché: 5. Psyché et Eros, FWV 47",0nEr3vZznSfcg2ZDXKoRbA,0,0.0837,0.153,9,-16.535,1,0.0468,0.944,0.927,0.125,0.0338,170.808,404867,3
112,Sergei Rachmaninoff,"13 Preludes, Op. 32: No. 6 in F Minor: Allegro appassionato",0opeZtzaYzQq8Y8vNsqZ0c,0,0.346,0.191,10,-17.351,0,0.0319,0.99,0.912,0.133,0.0832,91.134,87933,4
113,Lead Belly,Don't You Love Your Daddy No More?,0p0QsKrKeO291sUMppuUXO,1,0.56,0.277,6,-10.314,1,0.0508,0.99,0.00208,0.0946,0.686,130.848,187716,4
114,Sitara,Piya Milan Ko Rut Aai Hai,0qcrsw4C49v5m68ZdUU3Ba,0,0.589,0.061,5,-14.927,0,0.294,0.995,0.00063,0.133,0.647,106.107,148452,1
115,Lead Belly,Ain't You Glad,0qgs5RU6qfIfqVEdNVpXbO,0,0.619,0.439,7,-10.813,1,0.0912,0.967,0.626,0.201,0.792,98.437,125153,4
116,K.C.Dey,Bol Bol Tu Bol,0rfPR4LzIzuJxmaj23mdGG,0,0.606,0.0547,3,-18.975,0,0.139,0.995,0.847,0.137,0.724,69.582,159960,4
117,Lead Belly,(Good Night) Irene,0uBn8o7Na4yQkzprVl0bOU,2,0.641,0.245,7,-10.895,1,0.0591,0.953,0.000269,0.145,0.669,126.373,159660,4
118,M. K. Thyagaraja Bhagavathar,Sithaye Ye Sithaye,0vlYfxrIrPfuvy5dYn067o,0,0.393,0.286,7,-7.937,1,0.0361,0.969,4.27e-05,0.372,0.502,121.269,182683,4
119,Umm Kulthum,El Ahat,10LnfPEsoflzYlCTEhBB2r,0,0.416,0.413,0,-12.396,1,0.114,0.992,0.739,0.808,0.447,102.678,2282568,4
120,Veena,Sukhi Bagiya Huyi Hari,10bUu2C9aoNnjDGknh0ZNw,0,0.723,0.224,4,-14.008,0,0.237,0.995,0.824,0.173,0.671,78.499,167867,4
121,Van Shipley,Bhali Bhali Si Ek Surat - Instrumental,10ztVz4lLKKK3BahhCyb7g,0,0.482,0.486,2,-10.677,1,0.0379,0.745,0.739,0.192,0.874,55.754,217573,4
122,Maurice Ravel,"La Valse, M.72",11Vco1Qvt8CxvTZ334Go4B,0,0.265,0.252,4,-16.004,0,0.0571,0.972,0.923,0.0787,0.109,129.504,680480,4
123,Mehtab,"Sawan Ki Ritu Bhaye Sajanwa (From ""Vishvas"")",11jB6SJhXzWZ8PONjPLzrP,0,0.529,0.156,11,-16.025,1,0.0552,0.988,0.691,0.104,0.587,85.698,186067,3
124,Ghantasala,Chilaka Gorinka,11xZvdRXLwGMeqUciKBRjH,0,0.538,0.399,2,-11.526,1,0.095,0.895,0.149,0.292,0.945,148.202,186227,3
125,Meenakshi,Ankh Milte Hi Mohabbat Ho Gai,13CGcqCrSuzBCgio37FF7e,0,0.406,0.149,7,-10.77,0,0.0489,0.97,0.0548,0.11,0.183,69.932,193640,3
126,Lead Belly,Take This Hammer,16FGV4RT3CINA5kA9ChnEV,1,0.586,0.329,10,-12.87,1,0.127,0.982,1.28e-05,0.197,0.778,156.073,137482,4
127,Shanti Kumar,Sundar Roop,16dg5V8i5cKvTgGTNdOQ22,0,0.321,0.308,1,-8.798,1,0.0315,0.995,0.868,0.325,0.498,134.903,192012,5
128,Alfred Newman,The Officials - From “The Song Of Bernadette”,18L2xMCV56j97K3AblUwDj,0,0.155,0.148,7,-18.309,0,0.0411,0.122,0.889,0.0968,0.0525,134.361,474293,4
129,Lead Belly,Stew Ball,18UePYNVEuh3RnNkbAxxOo,0,0.711,0.0746,11,-14.919,0,0.068,0.965,0.0,0.144,0.729,105.203,182021,4
130,Amirbai Karnataki,Ham Tumse Mangte Hai,1995GFyfn3GZh1OawLqfms,0,0.681,0.0422,6,-13.752,1,0.232,0.995,0.000106,0.365,0.573,121.147,213316,4
131,Van Shipley,Karle Pyar - Instrumental,1ANIKkUkqDKI104DWJqRoI,0,0.441,0.59,0,-11.663,0,0.0472,0.81,0.000104,0.28,0.817,101.903,269573,4
132,Bastiaan Everink,The Birthday Party of the King,1BCua4yQlgDfzXEVTRfwXG,0,0.242,0.391,10,-8.41,1,0.036,0.972,0.314,0.139,0.106,99.54,177052,3
133,Alfred Newman,Immaculate Conception - From “The Song Of Bernadette”,1BMPCliLXLq20s5Zput9r6,0,0.129,0.209,9,-19.64,1,0.0342,0.895,0.812,0.11,0.0399,96.439,123040,4
134,M. V. Subbaiah Naidu,"Satya Harishchandra, Pt. 1 - Dialogues",1CM29LguHGN5eFCtzGrbrw,0,0.652,0.254,8,-13.303,1,0.749,0.929,0.000112,0.235,0.635,133.135,1774467,3
135,César Franck,"Psyché: 1. Le sommeil de Psyché, FWV 47",1EOxNtB7Nc6gTPyQQTDXjY,0,0.171,0.0389,11,-24.767,1,0.0403,0.907,0.851,0.0817,0.0316,90.345,486093,3
136,Ghantasala,Marapurani,1EPMcG1cFXuQug8RXZFqxq,0,0.507,0.58,1,-10.635,1,0.34,0.761,0.857,0.109,0.817,166.425,333573,3
137,Lead Belly,Jim Crow,1EYW7g0w211cmjZCrUkAkb,0,0.457,0.381,2,-11.241,1,0.0817,0.868,0.0383,0.115,0.764,150.469,154854,4
138,Francisco Canaro,La Bien Paga - Remasterizado,1HwEp3jZwtaCcwdk9MajqV,0,0.423,0.117,5,-14.192,0,0.111,0.99,0.873,0.141,0.617,201.699,220427,3
139,Lead Belly,Governer O.K. Allen,1ICPWtNALTBbMLHozEy7S8,0,0.438,0.201,9,-13.203,1,0.0771,0.833,0.000313,0.263,0.417,92.42,278204,4
140,Lead Belly,Lake Superior,1JGhVSy80uLdM9VLBorONN,0,0.552,0.368,2,-11.319,1,0.0336,0.774,0.00115,0.0802,0.576,96.071,78211,4
141,Tanguturi Suryakumari,Krishnaa Kelilola,1JxqtQJjtilX98Qn7XYke3,0,0.308,0.599,7,-6.856,0,0.114,0.97,0.312,0.203,0.481,82.723,273720,4
142,Max Reger,"Variations And Fugue On A Theme By Wolfgang Amadeus Mozart, Op.132: Variation II",1KD3EYPoKv6RTWsHInik1U,0,0.127,0.24,5,-13.319,1,0.0468,0.99,0.899,0.179,0.047,174.069,136898,5
143,Richard Rodgers,The King and I (1951): Shall We Dance? - Voice,1Ktsq5jwobcoCo7All01gp,1,0.486,0.214,5,-12.864,1,0.0374,0.884,4.04e-05,0.161,0.541,99.879,227000,4
144,Van Shipley,Likhe Jo Khat Tujhe - Instrumental,1LcGgMZTVYmrRTUfHkMb5V,0,0.5,0.322,7,-12.163,0,0.0311,0.951,0.912,0.0971,0.476,98.671,186213,4
145,P. Susheela,Sreenathuni,1MDWQliuebSbvt27hxsvuf,0,0.594,0.584,7,-9.582,0,0.125,0.701,0.0,0.442,0.891,98.806,172667,4
146,Shamshad Begum,Aap Kyon Aayenge,1PmTvyDPpYcIP5R2QeRaqE,0,0.521,0.285,11,-11.177,1,0.0687,0.982,1.29e-06,0.2,0.82,172.959,154791,3
147,Academia dos Renascidos,Canção do boêmio,1PylhGbBFEFWtBajJhmYxI,0,0.615,0.182,5,-16.052,1,0.0746,0.91,0.0,0.088,0.688,78.209,209617,3
148,Maurice Ravel,"Boléro, M.81",1RUPN0W8PYRPhZknU8Tq1d,0,0.306,0.143,0,-19.563,1,0.0351,0.973,0.876,0.0455,0.182,67.459,931667,3
149,M. K. Thyagaraja Bhagavathar,Mannam Kanindhae,1TtsqlC8WvUqW4vT3pqYiP,0,0.443,0.477,2,-6.887,0,0.0495,0.873,0.0401,0.828,0.765,131.057,153440,4
150,Dhananjay Bhattacharya,Matir E Khelaghare,1WNQsCh8ShD1AFqrzH2gS8,0,0.318,0.133,3,-18.719,0,0.0374,0.995,0.879,0.111,0.235,141.156,195640,3
151,Ludwig van Beethoven,"Sonata No. 14 in C-Sharp Minor for Piano, Op. 27, No. 2 ""Moonlight"": III. Presto agitato",1ZAmFIsoTuVk77R1Da3iL6,4,0.271,0.135,9,-19.604,1,0.0455,0.984,0.889,0.0888,0.101,178.451,392347,4
152,Lakshmi Bai,Sadaa Sukhee,1ZJqyMGEtoexg8BiMxuZlD,0,0.441,0.197,11,-9.847,1,0.0356,0.957,1.07e-06,0.0901,0.411,76.88,200920,3
153,"Yessister, Jazzsister",The Christmas Song,1a8Seb8PXANrilBoPDjyZJ,0,0.291,0.289,5,-11.849,0,0.0319,0.895,5.56e-05,0.106,0.118,119.465,233059,4
154,Suraiya,Panghat Pe Muraliya Baje,1bQfXl5efzY7PFbZrhNs0i,0,0.605,0.204,10,-13.439,1,0.0662,0.99,0.0816,0.313,0.705,124.038,179465,4
155,Anima Dasgupta,Ami Dekhechhi Nayan Mele,1c3IML8zAEIreTkmFLmHXy,0,0.401,0.411,1,-9.433,0,0.0492,0.991,0.898,0.11,0.606,72.252,187080,3
156,Francisco Canaro,Con los Amigos - Remasterizado,1cBZ3g8F6spAdZHz6j9nyT,0,0.553,0.368,5,-10.335,1,0.0617,0.989,0.949,0.157,0.827,98.32,160973,3
157,K.C.Dey,"Chandni Raat Hai Chandni Raat (From ""Mohabbat"")",1dBwZUILHkwrOcvf7yJNyB,0,0.427,0.109,0,-18.508,1,0.0772,0.995,0.863,0.104,0.441,71.038,190480,4
158,Kaushalya,Naina Mein Naina,1dlyh8cbk5A4ZBgIzIshSv,0,0.388,0.519,3,-8.641,1,0.0329,0.767,1.45e-06,0.392,0.505,78.4,229970,4
159,Lata Mangeshkar,Nahi Mi Porti Chhoti Aata,1ed2PEam6xsQW5acxHOFPO,0,0.71,0.139,6,-14.648,1,0.0649,0.99,0.931,0.106,0.869,123.811,173533,4
160,Noor Jehan,Roshni Apni Umangon Ki,1elv7sB1rvBAEyLChf1EE8,0,0.434,0.225,10,-16.287,0,0.0418,0.993,0.932,0.239,0.814,72.649,189013,3
161,Lead Belly,Fannin Street,1ezYlIJ78seJLM2t4EGpWq,0,0.475,0.315,4,-13.719,1,0.0902,0.873,0.0026,0.0671,0.695,130.353,268251,4
162,Ludwig van Beethoven,"Piano Sonata No. 14 in C-Sharp Minor, Op. 27 No. 2 ""Moonlight"": I. Adagio sostenuto",1gYX0W7FjwpKgLjOZjI8Sx,1,0.358,0.0215,1,-34.12,0,0.047,0.995,0.943,0.14,0.106,129.311,392347,3
163,Van Shipley,Mere Samnewali Khidki Mein - Instrumental,1gpLnLlyAkEGFlSjq8oLyp,0,0.568,0.221,7,-16.464,1,0.0492,0.902,0.722,0.368,0.481,115.212,183947,4
164,Lead Belly,Worried Blues,1h8Ztu1PGLDqMG1BLgWXQm,1,0.475,0.154,4,-11.694,1,0.0652,0.991,0.157,0.224,0.807,137.869,192078,4
165,Marine Band Of The Royal Netherlands Navy,Driving Home for Christmas,1klPqQdWIDUqafmGtcQQEd,0,0.435,0.571,1,-7.454,1,0.0289,0.66,0.869,0.0634,0.43,94.233,221147,4
166,Max Reger,"Variations And Fugue On A Theme By Wolfgang Amadeus Mozart, Op.132: Variation V",1lkqJfx8JoZ0mapCqlGJ6s,0,0.396,0.147,5,-16.644,1,0.0403,0.981,0.472,0.318,0.44,67.771,92668,4
167,Kanika Banerjee,Ogo Purabasi,1llII6x6AbAbg5BY2eaWKD,0,0.267,0.364,10,-10.229,1,0.0352,0.878,0.0,0.333,0.36,103.777,166267,4
168,Richard Rodgers,South Pacific (1949): Younger Than Springtime - Voice,1mV30KIfRWJO7PkeyKsGVg,1,0.162,0.289,5,-10.864,1,0.0377,0.864,0.000491,0.112,0.161,76.114,206440,4
169,Charlie,Aaya Karo Idhar Bhi Meri Jaan,1mdZQG60wSHKNxSGEJOWX6,0,0.644,0.0456,4,-15.884,1,0.587,0.982,0.0,0.313,0.414,87.227,198577,3
170,Max Reger,"Variations And Fugue On A Theme By Wolfgang Amadeus Mozart, Op.132: Variation VIII",1mtntTgZoNukRlB3McLRJC,0,0.169,0.134,4,-18.799,1,0.0521,0.986,0.72,0.105,0.0302,73.461,459804,4
171,M. V. Subbaiah Naidu,"Satya Harishchandra, Pt. 3 - Dialogues",1nC8IDmmjFtP6XjcVvX9Si,0,0.59,0.271,5,-13.122,1,0.873,0.972,6.62e-05,0.288,0.534,74.337,1776093,4
172,Van Shipley,Hamen Tumse Pyar Kitna - Instrumental,1naJQfuQZbo0IWlBvfrq5p,0,0.443,0.34,9,-10.054,0,0.0326,0.743,0.000303,0.0519,0.416,115.545,195827,4
173,M.V. Rajamma,Devadhwaniya Gaanavidhu,1oVbietefIddeU5hkRQkH3,0,0.427,0.278,6,-7.168,1,0.0542,0.971,1.95e-06,0.174,0.677,80.927,191240,3
174,Rajkumari,Dheere Dheere Bol Mere Raja,1oWryY1YVK0zzG3Ip6mxfN,0,0.438,0.336,3,-10.184,1,0.0491,0.983,0.124,0.359,0.652,125.057,167044,4
175,Motilal,Kanton Sa Chubha Jata Hai,1pKFcVvcbmE2ggIyGm5irR,0,0.685,0.174,11,-9.194,0,0.0683,0.993,0.193,0.183,0.657,124.229,201421,4
176,Lead Belly,The Gallis Pole,1pO21ziHyXO357llraYO1e,0,0.473,0.448,4,-11.147,1,0.0474,0.889,0.105,0.176,0.824,141.579,226377,4
177,Sergei Rachmaninoff,"10 Preludes, Op. 23: No. 5 in G Minor: Alla marcia",1qatodWwKDNNqZuHzTsHmg,0,0.415,0.195,7,-16.655,0,0.0331,0.988,0.913,0.155,0.266,111.923,234027,4
178,Marine Band Of The Royal Netherlands Navy,Let It Snow,1sRw89FrJCTOtgRcvmdwLF,0,0.352,0.395,0,-9.624,0,0.0361,0.732,0.0439,0.0926,0.242,130.163,225071,4
179,Motilal,Woh Roothe Huye Hai,1smBmT7T4aKzjWXiUfEaSg,0,0.55,0.142,11,-10.99,1,0.368,0.995,0.00893,0.311,0.437,78.258,173372,4
180,P. Susheela,Kanalera Kamala,1tJvwuNd0nECwG8bjjX7uK,0,0.343,0.392,4,-11.487,1,0.11,0.974,0.779,0.139,0.625,71.519,190359,3
181,M. K. Thyagaraja Bhagavathar,Sambho Sankara Gowreesa,1tPnuoWuyUKuBxlOR4FdGW,0,0.84,0.317,11,-7.336,1,0.218,0.99,0.0,0.272,0.631,129.263,53789,4
182,Parul Ghosh,Papiha Re Mere Piya Se Kahiyo,1wrA3TeY4cDOyeaqXFS0hs,0,0.561,0.252,0,-12.754,0,0.0326,0.979,7.49e-06,0.292,0.721,115.824,166427,4
183,Lead Belly,Grey Goose,1xBwpcPWoWJ02z8UgI8nWK,1,0.581,0.208,4,-12.212,0,0.127,0.985,3.61e-06,0.101,0.565,87.922,185417,5
184,Charlie,Mere Man Ko Meri Jaan Ko,1yNkEoS9MgUm7l1MqBZswz,0,0.714,0.0706,1,-16.506,0,0.7,0.986,8.06e-05,0.302,0.571,68.279,174337,4
185,Francisco Canaro,Ojos Verdes - Remasterizado,20YsIy2MCaxDsLJJmWFr2z,0,0.655,0.192,3,-10.83,0,0.0469,0.988,0.542,0.149,0.656,98.966,208547,4
186,Ludwig van Beethoven,"Piano Sonata No. 14 in C-Sharp Minor, Op. 27 No. 2 ""Moonlight"": II. Allegretto",218OGqTTM2vkrOAZB9OFWW,0,0.487,0.0296,1,-24.808,1,0.117,0.995,0.95,0.121,0.47,191.444,137907,3
187,Francisco Canaro,"Poco a Poco, Despacito - Remasterizado",23qiu8mZoZEnDRY0mYu4aI,0,0.612,0.253,4,-14.096,1,0.0597,0.991,0.912,0.134,0.779,130.305,177680,4
188,Lead Belly,You Can't Lose-a Me Cholly,275PneXkXgNqHBxLI0dtCa,1,0.59,0.158,6,-15.685,1,0.135,0.961,0.00353,0.105,0.94,66.819,187220,4
189,M. K. Thyagaraja Bhagavathar,Kooththaal Than Mooththaal,27rk0qAPeTpvSecZo7q3Cw,0,0.414,0.399,6,-6.878,0,0.0745,0.961,0.0005,0.856,0.571,115.843,50451,5
190,Alfred Newman,The Miracle - From “The Song Of Bernadette”,28ihtbcqHxP3h4vcWRnkzX,0,0.104,0.147,2,-12.837,1,0.0462,0.455,0.964,0.138,0.0881,163.543,65760,3
191,Sardar Akhtar,Kadwa Phal Neki Ka,292iF0ckY9rQKIDmVjKLbZ,0,0.253,0.236,10,-8.414,0,0.0403,0.994,0.534,0.363,0.586,68.13,170896,4
192,Francisco Canaro,Uno - Remasterizado,29mcnPfnrU1MRHNWSIjBUd,0,0.6,0.21,4,-11.013,0,0.0964,0.987,0.711,0.103,0.543,123.879,212240,4
193,Rudi Schuricke,Mit Musik geht alles besser,2B4AIIgDUuIhU1NGSpToaZ,0,0.806,0.313,5,-13.76,1,0.0375,0.973,1.44e-05,0.151,0.864,98.513,164132,4
194,Ludwig van Beethoven,"Piano Sonata No. 30 in E Major, Op. 109: I. Vivace ma non troppo",2B8VyqSuc2HSM5TxID5cBC,0,0.3,0.0529,4,-23.751,1,0.0501,0.99,0.868,0.118,0.0434,70.534,249120,4
195,Sergei Rachmaninoff,"13 Preludes, Op. 32: No. 8 in A Minor: Vivo",2BObU5Tds0NMsId1BlT9Dr,0,0.41,0.183,5,-19.992,1,0.0397,0.989,0.716,0.0854,0.293,87.023,94893,3
196,Lead Belly,"Goodnight, Irene",2CLC7yVLxfz6PWvz9bNcWh,0,0.347,0.423,7,-9.902,1,0.0354,0.808,0.00953,0.185,0.388,138.18,24294,5
197,Sitara,Bhanwra Re Hum Pardesi Log,2DITmv6ExDqC28dV8BIyBZ,0,0.56,0.18,8,-11.772,1,0.465,0.993,0.554,0.127,0.659,179.555,181661,4
198,Lead Belly,Jean Harlow,2EFk06KYHMBS9ZE1v3EAk1,0,0.594,0.451,9,-10.505,1,0.0728,0.841,0.00835,0.093,0.885,115.515,163892,4
199,Lead Belly,Skip To My Lou,2EKmmmPLfxyHOiVG6lUUU5,0,0.679,0.271,5,-14.55,1,0.0871,0.955,0.0,0.1,0.919,125.092,145554,4
200,M. K. Thyagaraja Bhagavathar,Ungalile Yaan Oruvan,2FKzRCChfSczjCHCYrbYlS,0,0.398,0.399,6,-7.488,0,0.0635,0.96,3.47e-05,0.618,0.541,75.678,73880,4
201,Sergei Rachmaninoff,"5 Morceaux de fantaisie, Op. 3: No. 2 Prelude in C-Sharp Minor",2FjfkXmjnBu0nIfRwDBPQq,0,0.367,0.0679,9,-18.033,1,0.053,0.976,0.924,0.19,0.12,77.988,242533,3
202,Ramdulari,Dard-E-Gham Ulfut Se,2GG78dR44qcgO91ihU7PEa,0,0.422,0.137,10,-11.013,0,0.176,0.995,0.66,0.272,0.549,64.768,211035,4
203,Richard Rodgers,The King and I (1951): Getting To Know You - Voice,2GKDV3YjXgb1uxe8Yc8DLb,0,0.457,0.144,9,-17.063,1,0.0422,0.943,0.0,0.085,0.373,141.68,192360,4
204,Franklin Delano Roosevelt,On the Fall of Mussolini - 07 28 1943,2Gl8DKZGnY3SREUEqdkHSs,0,0.648,0.158,8,-19.045,0,0.896,0.988,0.0,0.657,0.335,76.947,1746318,3
205,Lead Belly,Old Man,2H5I2jH11KCl7mT1DiNpIO,0,0.396,0.287,5,-14.406,1,0.147,0.614,0.0,0.454,0.736,211.545,153731,4
206,Richard Rodgers,The Sound of Music (1959): Edelweiss - Voice,2HhzFWF3QhU1HDhedFzqLW,0,0.466,0.0538,5,-20.001,1,0.0361,0.955,0.0,0.102,0.27,112.268,124840,3
207,Sergei Rachmaninoff,"13 Preludes, Op. 32: No. 10 in B Minor: Lento",2HkWA3LHG3pTvG0MimbzwK,0,0.288,0.121,7,-20.332,1,0.0456,0.987,0.854,0.366,0.0388,78.53,305200,4
208,Udit Narayan,Apne Dil Men Ae Logon Bitha Lo Mujhe,2IWjYQfdcvOWOJD88SznLu,0,0.757,0.538,0,-7.726,1,0.0317,0.741,0.0,0.198,0.835,107.532,305440,4
209,Francisco Canaro,Candombe - Remasterizado,2J2ybj55PZSa6Tm6l2Hw8R,0,0.698,0.486,7,-7.897,1,0.308,0.962,0.696,0.0652,0.896,108.078,214200,4
210,Lead Belly,Rock Island Line,2JmUGM6rDDAB8Xfrvo0bhB,2,0.622,0.549,10,-10.677,1,0.437,0.935,0.000208,0.103,0.951,184.02,125884,4
211,Gautami,Lada Kar Ankh Ab Pachhta Rahe Hai,2KDoctcZ0c5YBPI1I1qeVq,0,0.557,0.274,9,-11.913,1,0.0426,0.994,0.88,0.426,0.412,102.313,167427,3
212,"Yessister, Jazzsister",It's the Most Wonderful Time of the Year,2KLHE000NPsOfL0i7hgCls,0,0.257,0.499,2,-9.121,0,0.0353,0.849,3.15e-05,0.0541,0.524,180.252,198066,3
213,Van Shipley,Aanewala Pal Janewala Hai - Instrumental,2KPmM2r16LUMJikXS3Ws2l,0,0.329,0.594,11,-10.224,0,0.0623,0.364,0.00779,0.357,0.551,115.283,240493,4
214,Lead Belly,Easy Rider,2LcOJagC0aHgyOjIxyNwqP,2,0.519,0.0853,6,-15.036,1,0.0677,0.973,0.00174,0.0937,0.59,137.957,193750,4
215,Francisco Canaro,Tango Brujo - Remasterizado,2Md7jnQOslUJK78m21cYrs,0,0.764,0.126,2,-11.079,0,0.14,0.924,0.11,0.122,0.86,127.223,196053,4
216,Sergei Rachmaninoff,"13 Preludes, Op. 32: No. 2 in B-Flat Minor: Allegretto",2NWRdP5QNyacLHo5VENpZh,0,0.33,0.106,10,-19.212,0,0.0441,0.995,0.897,0.164,0.0607,83.414,268840,4
217,Mumtaz,Nazar Kuchh Aaj Aisa Aa Raha Hai,2Pqh6qRAkSkQWP632WZKnY,0,0.536,0.366,4,-10.805,1,0.0549,0.915,7.72e-06,0.193,0.71,121.52,223307,4
218,Lead Belly,Ain't It A Shame,2QM1T9ODpFTCDlO9HPhE7y,1,0.553,0.426,7,-11.641,1,0.0424,0.872,0.000103,0.0914,0.957,106.734,105091,4
219,M. K. Thyagaraja Bhagavathar,Sree Kalyana Guna,2RKufDG22AyMIgGqQz59Ax,0,0.43,0.388,6,-9.433,1,0.103,0.966,0.0579,0.483,0.543,112.858,200272,4
220,Sergei Rachmaninoff,"10 Preludes, Op. 23: No. 4 in D Major: Andante cantabile",2UGpIzvMaTYbRNZ3BGFIms,0,0.283,0.0588,2,-22.1,1,0.0403,0.991,0.926,0.277,0.151,47.022,283227,5
221,Alfred Drake,Finale,2UKKY35uDMvowQnKphvdzF,3,0.245,0.226,8,-11.848,1,0.033,0.864,1.34e-06,0.125,0.194,172.273,190667,4
222,Hemant Kumar,Tomar Payer Kachhe,2UMTkMJq1zPa3lbuJxKEf3,0,0.39,0.161,7,-16.066,0,0.0404,0.995,0.0847,0.108,0.424,75.683,175253,4
223,Academia dos Renascidos,O pressentimento,2UthBdytdZnP7Tk8qZhyRo,0,0.541,0.231,5,-16.577,1,0.142,0.921,2.12e-06,0.0703,0.533,174.56,168572,3
224,Lead Belly,Redbird,2VZM24CApZ6xAJmkSpO76p,0,0.676,0.267,6,-12.309,1,0.133,0.824,0.0,0.195,0.964,117.722,164754,4
225,Sardar Akhtar,Jo Na Kisi Se Ban Sake,2W11oo0RTCkRDamWrv8ZIe,0,0.491,0.116,10,-8.035,0,0.0825,0.995,0.0229,0.339,0.656,85.285,188563,1
226,Alfred Newman,Rumors Of Healing - From “The Song Of Bernadette”,2WdDzMaLDc1buqpvZDexOk,0,0.215,0.216,1,-12.596,1,0.0338,0.337,0.76,0.0999,0.0997,65.976,175333,4
227,Lead Belly,John Henry,2Xb85VrTo5s2rpHhn6Wekb,1,0.586,0.463,7,-10.981,1,0.146,0.971,0.26,0.0866,0.807,129.712,137796,4
228,Sardar Akhtar,Dil Ko Dukha Ke Bar Bar,2YiEuZZF1LB5ko6e9UDbeb,0,0.51,0.245,8,-7.126,1,0.0522,0.995,0.015,0.239,0.671,69.158,179048,1
229,Vasanti,Bolo Bolo Re Prabhu Ji More,2ZROvhS3MCw93foRuGS2gm,0,0.503,0.318,2,-9.187,1,0.218,0.989,0.0721,0.196,0.815,74.481,190647,5
230,Lead Belly,Bourgeois Blues,2aStnIpFqTnzU5g7Gpp667,0,0.4,0.449,9,-10.28,1,0.0796,0.798,0.000811,0.126,0.59,72.672,244950,4
231,Mumtaz Shanti,Aao Sajan Aa Jao Tum,2b0PZAtArJTNYQIJnM3487,0,0.679,0.152,3,-9.685,1,0.106,0.994,0.327,0.136,0.871,136.891,199941,4
232,Ghantasala,Neelagagana Ganasyama,2bQy2tuG8sZQG5kSsU0VlT,0,0.621,0.389,1,-11.126,1,0.0812,0.791,0.00415,0.605,0.958,113.701,272893,4
233,Van Shipley,Goriya Kahan Tera Desh Re - Instrumental,2blWAfuvIMe8szFYAdN1Gf,0,0.42,0.301,0,-11.846,1,0.0621,0.58,0.257,0.0555,0.194,97.783,266747,4
234,Academia dos Renascidos,Flor de neve,2d3801fQMeYyIr5s6jpdNg,0,0.512,0.188,0,-17.901,1,0.0803,0.867,1.35e-05,0.32,0.727,125.294,185995,5
235,Khurshid Bano,Ab Raja Bhaye More Balam,2eDWPxD24603k7JCzsTNVu,0,0.435,0.0874,10,-17.418,1,0.0782,0.995,0.893,0.149,0.58,71.244,176648,3
236,K.C.Dey,Haar Na Jana,2h1KMt63MJAnaevQ525GlY,0,0.591,0.0846,6,-18.322,0,0.0533,0.993,0.828,0.0844,0.328,69.919,166228,4
237,Kaushalya,Soja Soja Pyare Kanhaiya,2jbPw9s27BB3u7FaoVNzVP,0,0.422,0.0868,0,-14.858,1,0.0481,0.993,0.0312,0.136,0.288,132.794,212914,5
238,Francisco Canaro,Mandeme Mi General - Remasterizado,2lQotTCrkH6U9h5Pn9ddYe,0,0.553,0.336,11,-9.009,1,0.0702,0.991,0.712,0.156,0.903,103.071,184240,4
239,Sergei Rachmaninoff,"10 Preludes, Op. 23: No. 10 in G-Flat Major: Largo",2lmfwOfFfbgIMcLBzVfNOt,0,0.395,0.0489,6,-22.954,1,0.0405,0.988,0.698,0.322,0.184,131.476,225907,4
240,Vatsala Kumthekar,Ishq Ka Dard Suhana,2mTuwsWUQfTRPnBlAhQap3,0,0.467,0.183,3,-10.84,1,0.0432,0.992,0.176,0.189,0.418,70.634,170973,1
241,P. Susheela,Paalakadalipai,2meh69hz3rrWXlUNJM965f,0,0.592,0.427,8,-10.269,1,0.105,0.934,0.0,0.111,0.734,94.852,203573,4
242,K.C.Dey,Mange Ja Mange Ja Har Bar,2nP6cEGE76QuJhj505nzNY,0,0.474,0.0661,11,-18.745,1,0.0846,0.994,0.932,0.156,0.3,67.633,182968,3
243,Academia dos Renascidos,Eu tive uma amada,2nRo8NWxxPTO7ZqTqabb8w,0,0.602,0.211,7,-15.133,1,0.165,0.958,0.0,0.134,0.501,98.698,198763,3
244,Alfred Newman,Exit Music - From “The Song Of Bernadette”,2p4LBD1qFhBc4zkVovh83v,0,0.0689,0.193,8,-11.567,0,0.042,0.0594,0.989,0.164,0.193,179.856,112133,3
245,Kavita Krishnamurthy,Apni Jeb Mein Lakhon Honge,2tfN3RLBCZ584xcbdpXhmZ,0,0.592,0.753,7,-9.422,1,0.112,0.801,2.19e-06,0.0787,0.889,194.298,312067,4
246,Ludwig van Beethoven,"Piano Sonata No. 30 in E Major, Op. 109: III. Gesangvoll, mit innigster Empfindung. Andante molto cantabile ed espressivo",2uAJLHyMCoIAxGalEdzhbr,0,0.416,0.0552,4,-22.521,1,0.0476,0.993,0.898,0.0891,0.038,104.945,925080,4
247,Parul Ghosh,"Aaye Bhi Woh Gaye Bhi Woh (From ""Namaste"")",2um5cw4SYecTTdMVIv7yCH,0,0.508,0.0724,8,-18.024,1,0.0416,0.996,0.873,0.29,0.62,75.137,169267,3
248,Lead Belly,You Can't Lose Me Cholly,2wfq0Ns6kLHFBWqrU1imrw,0,0.677,0.275,0,-11.87,1,0.151,0.859,0.0,0.283,0.771,119.299,155559,4
249,Van Shipley,Dum Maro Dum Mit Jaye Gham - Instrumental,2wvKqJJ0SsNdkTVr3EMjQr,2,0.569,0.488,0,-10.936,1,0.043,0.592,0.917,0.132,0.579,125.732,163720,4
250,Amirbai Karnataki,Door Hato Ae Duniyawalo,2xGEvJI3OuonTK8mWaEBwg,0,0.601,0.572,10,-5.588,1,0.0679,0.971,0.00046,0.193,0.928,110.951,254676,4
251,Noor Jehan,"Jinhen Karna Tha Dil Abaad (From ""Naukar"")",2xPgD421w3ZtgCBrP2P1Ia,0,0.293,0.0264,10,-21.316,1,0.0461,0.995,0.545,0.17,0.445,80.02,178733,4
252,Alfred Newman,The Farewell - From “The Song Of Bernadette”,2y6ywernIIhHTSFbQ1ftJ4,0,0.119,0.139,9,-13.874,1,0.0353,0.554,0.924,0.0963,0.0658,91.303,333200,4
253,Mumtaz Shanti,Kaun Dhire Dhire Mere Dil Men,30riMY8ivtaXgmM5W1daGz,0,0.468,0.0574,2,-13.531,0,0.191,0.995,0.0983,0.16,0.467,170.822,203802,3
254,Hemant Kumar,Mor Maramer Batayantale,30vyZgP8qTabLafaLYOsrB,0,0.308,0.24,10,-15.955,1,0.04,0.995,0.274,0.109,0.253,71.629,196160,4
255,Lead Belly,Goodnight Irene (Sung With Little Girl),31YB6ayxEmdunALsjXGoVT,0,0.351,0.125,9,-17.796,1,0.0474,0.973,0.352,0.111,0.335,70.878,145842,4
256,Amirbai Karnataki,Sajan Ke Naina Jadu Baan,329iINjkGRyC3vlhR6lWfF,0,0.54,0.395,6,-7.169,1,0.0974,0.945,0.0,0.301,0.89,101.174,135133,4
257,V. Ramakrishna,Chettu Lekka,32MxFFntp0BgVtDsJnVSAA,0,0.667,0.395,9,-14.474,1,0.0727,0.543,0.000234,0.0978,0.942,176.752,221533,4
258,Raavu Balasaraswathi,Tinnemeedi Chinnoda,33PNv3yfK6fUOtPDt8FXjr,0,0.479,0.245,5,-17.13,0,0.0474,0.994,0.876,0.145,0.888,64.483,158707,4
259,Ludwig van Beethoven,"Piano Sonata No. 8 in C Minor, Op. 13 ""Pathétique"": I. Grave - Allegro di molto e con brio",34BBuJCxDVrPVSecM9kZR7,1,0.341,0.134,0,-23.441,0,0.0488,0.991,0.906,0.176,0.114,87.428,530720,4
260,Chittoor V. Nagaiah,Aasaa Niraasaa,34dkWcsArUEkIVGieP15hl,0,0.59,0.292,10,-10.284,0,0.0524,0.995,0.819,0.178,0.647,70.444,148733,5
261,Kanika Banerjee,Ami Ekla Cholechhi Ei Bhabe,35Gd8Nn5Ew6D5ANYbD90QV,0,0.265,0.0836,9,-13.734,1,0.0376,0.988,0.0,0.302,0.245,76.825,204280,1
262,Van Shipley,Tere Bina Jeena Kya - Instrumental,36G7eQJ9H4abwt2fdT2IdR,0,0.55,0.69,2,-10.902,0,0.0977,0.0789,7.74e-05,0.112,0.795,119.402,200613,4
263,Francisco Canaro,Necesito Olvidar - Remasterizado,36XDfycsW6poiE2pM4YPUe,0,0.698,0.157,2,-11.376,1,0.0906,0.968,0.625,0.101,0.597,128.968,162773,4
264,Shamshad Begum,Mata Mata Meri Mata Bharat Mata,37VN7v6vIgYMzc0u1OWFWS,0,0.578,0.155,3,-10.258,0,0.22,0.992,0.253,0.658,0.557,69.065,171899,4
265,Kanika Banerjee,Bhoy Korbo Na Re,38zHHeQ2Rpo5GcZxQ8dJ3K,0,0.521,0.185,6,-17.407,0,0.0713,0.994,0.958,0.177,0.329,144.948,176840,3
266,Academia dos Renascidos,Espera,39j8QLP4j2Z04dVD9wH82B,0,0.536,0.192,3,-18.782,1,0.141,0.908,0.0,0.138,0.711,88.35,173425,3
267,Sergei Rachmaninoff,"13 Preludes, Op. 32: No. 5 in G Major: Moderato",3BDogJrVuDbBYeRThE12OM,0,0.167,0.0898,7,-24.882,1,0.0493,0.993,0.94,0.288,0.0973,51.247,192627,4
268,Francisco Canaro,El Saleroso - Remasterizado,3CyLc9SrVDjqvYKKELQZYO,0,0.798,0.239,6,-10.685,1,0.0939,0.968,0.199,0.074,0.897,124.254,203280,4
269,P. U. Chinnappa,Selvame,3FKFYoQm0cUb7ZwTzS6ED9,0,0.467,0.413,11,-8.435,1,0.044,0.995,0.0241,0.331,0.743,114.122,177533,1
270,Francisco Canaro,Asi Se Baila el Tango - Remasterizado,3Gn6HCCRl6rBHXP58Kz435,0,0.71,0.162,5,-12.907,1,0.214,0.989,0.0418,0.165,0.838,127.299,173893,4
271,Bastiaan Everink,Homeward Bound,3HPsIoFrfcApJVoTN5wcRg,0,0.199,0.462,2,-10.604,1,0.0361,0.811,0.824,0.141,0.203,133.342,292061,3
272,M. K. Thyagaraja Bhagavathar,Amba Manamkanindhu,3I6BYQA80OohafSqEYeYhJ,1,0.613,0.343,6,-9.386,1,0.0294,0.982,0.376,0.164,0.675,100.608,203320,4
273,Richard Rodgers,The Sound of Music (1959): My Favorite Things - Voice,3ICnChUif8J5e3SX5jQMuP,1,0.596,0.229,5,-13.682,0,0.0599,0.937,3.43e-05,0.116,0.619,94.749,165933,3
274,Shamim Akhtar,Dard Jaye Na,3K0XgWv8xpX65SFCi381jQ,0,0.565,0.043,8,-15.443,0,0.101,0.993,0.522,0.217,0.607,112.497,199875,3
275,Alfred Newman,The Vision - From “The Song Of Bernadette”,3KO8ObiLWPKTTapRBho0lk,1,0.112,0.312,7,-13.569,0,0.0322,0.869,0.906,0.116,0.0369,87.569,257867,4
276,Angurbala,Bhalobashite Diyo,3KX7foJTpavl8sxdVouQzT,0,0.577,0.301,10,-7.797,0,0.0345,0.996,0.795,0.111,0.796,84.99,190027,3
277,M.V. Rajamma,Mangalakara Sadana,3LNPE0lcJ2O1w9DBbJZsrn,0,0.672,0.345,8,-8.32,1,0.0467,0.991,0.718,0.126,0.962,127.818,188487,4
278,Van Shipley,Zindagi Ek Safar Hai Suhana - Instrumental,3MM0RzxncOETqKX6IiW0eu,0,0.486,0.498,7,-10.922,0,0.0432,0.796,0.67,0.596,0.406,110.567,254040,4
279,Alfred Newman,From Her Very Depths - From “The Song Of Bernadette”,3NJiXBEbmFfHeTdPypxNV0,0,0.144,0.152,0,-19.138,0,0.0389,0.611,0.913,0.0987,0.0596,103.041,164133,3
280,Richard Rodgers,Carousel Waltz from Carousel (1945),3OLPMcNMoPNBW8ciroAFkM,1,0.225,0.359,2,-11.872,1,0.0359,0.926,0.831,0.0942,0.264,95.419,474267,3
281,Ghantasala,Anandamayee,3PL2Pyu7YjrXb1AL8loCX5,0,0.401,0.397,5,-11.297,1,0.0504,0.86,0.191,0.679,0.774,72.396,286587,4
282,Bastiaan Everink,The Little Drummer Boy,3PqxnFP9cJyyVzxWPgmXwt,0,0.459,0.528,5,-9.554,1,0.0703,0.614,0.0623,0.253,0.387,93.226,249057,4
283,Chembai,Nikhila Paapa Nivaaranaika,3RfkiWCtEJuPVoSjCQRFxP,0,0.516,0.362,10,-11.267,1,0.124,0.934,0.000399,0.0866,0.216,97.058,393387,4
284,Van Shipley,An Evening In Paris - Instrumental,3SKBqnYUh5Zi8FFhVwmz6L,0,0.506,0.648,0,-10.439,1,0.0686,0.349,5.05e-06,0.0613,0.849,120.011,157747,4
285,Francisco Canaro,La Niña de la Ventera - Remasterizado,3STnumcR01mQIoWNX4z7mA,0,0.775,0.221,7,-12.798,1,0.0814,0.994,0.904,0.12,0.926,116.968,201667,4
286,S. Rajeswara Rao,Chenchu Lakshmi - Instrumental,3Slzx4AaFdGXz6NFcN8Ivn,2,0.536,0.767,3,-9.426,0,0.115,0.775,0.933,0.12,0.907,104.991,124307,4
287,Lata Mangeshkar,Chala Chala Navbala,3TX39iTn8zOJaSOLtf84iB,0,0.488,0.125,1,-15.054,1,0.0569,0.971,0.918,0.0982,0.244,131.457,193320,4
288,Sadhana Sargam,Gun Gun Karta Aaya Bhanwra,3Vg7MUgWrNzodjpjAeDL6y,1,0.702,0.698,0,-8.095,1,0.026,0.589,0.000798,0.527,0.939,106.152,261133,4
289,Maurice Ravel,"Rapsodie espagnole, M.54: 3. Habanera",3W2MutPqVRD0gnZM4K20f9,0,0.152,0.0214,6,-29.64,0,0.0393,0.99,0.859,0.0543,0.0351,75.266,153280,3
290,Lead Belly,Pig Latin Song,3XDyEfWbWdrBcfpjaYpwtV,0,0.576,0.265,9,-8.857,1,0.0317,0.827,0.0,0.0696,0.804,95.212,59402,3
291,Lead Belly,The Grey Goose,3Ydx4T9UZn9ghMJC2T1qdc,0,0.496,0.396,7,-10.925,1,0.037,0.877,9.97e-05,0.0858,0.853,154.739,63269,4
292,Shamshad Begum,Mera Maika Ho Ya Sasural,3YlrhGpX5kRqH4GQvCIk70,0,0.479,0.247,6,-11.623,1,0.206,0.973,0.0223,0.0614,0.87,86.325,207855,5
293,Sergei Rachmaninoff,"10 Preludes, Op. 23: No. 9 in E-Flat Minor: Presto",3ZYkimEHgUnAqHpmPPZswG,0,0.347,0.235,8,-19.791,0,0.0389,0.985,0.96,0.299,0.3,125.472,114533,4
294,Ramdulari,Chahna Hamko To,3Zkfp04nMUiPL0YuvSQpzW,0,0.492,0.106,2,-10.447,1,0.11,0.995,0.0885,0.228,0.679,66.937,211335,3
295,Van Shipley,Aao Huzoor Tumko - Instrumental,3b73rohmTIuN2hmaunxP2b,1,0.545,0.227,2,-13.149,0,0.0284,0.67,0.901,0.245,0.434,101.131,143333,4
296,Veena,Woh Dil Mein Ghar Kiye The,3bY1sBqIsickCbGII4swMf,0,0.382,0.0524,8,-16.784,0,0.108,0.992,0.796,0.114,0.589,76.749,169587,5
297,Sardar Akhtar,Har Cheez Yahan Ke Hai Tasalli Ka,3c5TPh0vBN3otkh2DV1OzW,0,0.672,0.289,8,-8.396,1,0.165,0.995,0.215,0.279,0.836,79.062,194621,3
298,Academia dos Renascidos,Elisa - Versão portuguesa,3cPcg28dWANal2kAIPrzop,0,0.586,0.224,5,-20.052,1,0.227,0.923,0.000351,0.0995,0.334,66.949,95125,4
299,Sergei Rachmaninoff,"13 Preludes, Op. 32: No. 7 in F Major: Moderato",3cUt6aeCvbFc95XbOv7Nt7,0,0.288,0.0437,5,-23.307,1,0.0388,0.994,0.956,0.413,0.107,100.05,152520,3
300,Francisco Canaro,Va a Cantar un Ruiseñor - Remasterizado,3cYz4kticbYx7yeOI5q9iA,0,0.663,0.199,2,-9.903,1,0.322,0.978,0.558,0.074,0.718,132.458,182107,4
301,P. B. Sreenivas,Chettu Lekkagalavaa,3ca9EvpaV4zcCHyWsvpDPX,0,0.392,0.668,5,-10.79,0,0.144,0.63,0.0285,0.383,0.871,166.097,228853,4
302,Sitara,Pune Se Laai Paan Re,3cr2mCe5d76MrBwCZ57oQq,0,0.775,0.28,5,-9.225,1,0.308,0.993,0.195,0.14,0.906,84.947,160473,3
303,Shahu Modak,Bahar Aai Hai,3ggm9iuJCBn2G4JXnoZSaa,0,0.504,0.162,1,-13.156,0,0.168,0.995,0.557,0.14,0.494,96.457,191530,4
304,Leela Pawar,Mere Chashme Wale Sarkar,3gkiBkz4yf2lzgqgLTJriU,0,0.678,0.133,6,-11.021,1,0.622,0.994,0.228,0.212,0.638,71.371,195094,4
305,Maurice Ravel,"Rapsodie espagnole, M.54: 4. Feria",3hC5aO4NfrbXLB4jt0viw3,0,0.235,0.32,0,-17.446,1,0.062,0.888,0.817,0.14,0.0878,108.846,375827,3
306,Lead Belly,Governer Pat Neff,3jfxCBRgPAedtwsIb8D0dB,0,0.482,0.398,7,-10.546,1,0.0559,0.833,7.39e-05,0.383,0.526,100.58,366367,4
307,Shamshad Begum,O Janewale,3mSakbB0LCWCAsUXTijtN4,0,0.449,0.314,10,-14.048,0,0.0713,0.99,0.826,0.552,0.688,71.842,187467,4
308,Tanguturi Suryakumari,Gopalude,3mhuj8nybppODlgC2w6niX,0,0.709,0.143,4,-18.044,1,0.174,0.995,0.408,0.125,0.766,81.435,189213,3
309,Sergei Rachmaninoff,"13 Preludes, Op. 32: No. 11 in B Major: Allegretto",3oGAJeMX3WmcLTu3LHJsRw,0,0.313,0.0282,8,-27.692,0,0.035,0.992,0.877,0.327,0.229,52.473,149547,4
310,Padma Banerjee,Hari Mero Haath Na Aayo Re,3q0rrm50DeKgB8aV5TfQ6c,0,0.611,0.175,11,-9.417,1,0.113,0.993,0.000715,0.229,0.84,87.862,175752,4
311,M. K. Thyagaraja Bhagavathar,Naattiya Kalaiyae,3qQHrkx9edZaVS5GQf8HTm,0,0.605,0.459,11,-8.518,1,0.0338,0.968,0.0351,0.459,0.905,88.608,174427,4
312,Van Shipley,Chal Akela Chal Akela - Instrumental,3rL3Vss8RmPmQQRjKZ1Z5B,1,0.541,0.275,5,-14.109,1,0.0296,0.861,0.964,0.0954,0.412,134.099,237013,4
313,Academia dos Renascidos,Arcanjo triste,3rXrO1vDlZp0Ph77XC4ojl,0,0.587,0.188,5,-17.359,1,0.051,0.929,1.58e-05,0.221,0.712,84.804,128816,3
314,Ludwig van Beethoven,"Sonata No. 14 in C-Sharp Minor for Piano, Op. 27, No. 2 ""Moonlight"": II. Allegretto",3tI2PZTzbqZ5SdECBYpPoi,1,0.609,0.0269,1,-24.59,1,0.0837,0.995,0.951,0.111,0.422,95.408,136960,1
315,Khursheed Bano,Kahani Ban Gai Mori Tum Sang,3tZFfFw4NCEirsn2V4MLSq,0,0.468,0.106,7,-20.69,0,0.0515,0.994,0.896,0.122,0.632,84.937,184333,4
316,Shamshad Begum,Mere Man Ki Duniya Basa Di,3u8vsjA8sxo2WXXlQQhi5Y,0,0.702,0.44,8,-12.09,0,0.39,0.975,0.238,0.777,0.873,129.041,92709,4
317,Sitara,Naiya Hamari Paar Lagao,3ujTaKuUygEw2lYw3ZpP92,0,0.617,0.0663,5,-12.718,1,0.27,0.995,0.872,0.0982,0.698,70.461,151011,5
318,Saraswati Rane,Beena Madhur Madhur Kachhu Bol,3wHO0kD3T0dYsfoLoxvk3U,0,0.328,0.182,10,-14.435,1,0.0619,0.995,0.896,0.158,0.611,172.351,198467,3
319,Kaushalya,Do Bol Muhabbat Wale Koi Bolo,3xk6oNwAzwFDFeDOqZsbmd,0,0.526,0.178,5,-12.043,1,0.0532,0.993,0.863,0.249,0.713,105.068,196407,3
320,Alfred Newman,A Mother's Love - From “The Song Of Bernadette”,3xqGrwaelANzRtl4tXCqwO,0,0.118,0.241,5,-17.464,1,0.0393,0.619,0.919,0.225,0.0547,95.392,400600,4
321,Kanika Banerjee,Rodanbhora E Basanta Sakhi,3yQMkNhDTwvNBSyCewtVXT,0,0.337,0.208,1,-15.289,0,0.0373,0.95,0.0,0.108,0.192,147.525,204147,4
322,Ramola,Kyon Man Mein Uthat Hai Shor,3yf4gMWpGwptJvLcVz7edT,0,0.743,0.21,1,-7.849,0,0.0922,0.992,0.0584,0.355,0.805,125.409,173587,4
323,Gautami,Woh Chand Ban Muskura Rahe Hai,3zo7uuIL2i332ughWRN9VP,0,0.316,0.185,3,-14.274,1,0.0703,0.994,0.879,0.0732,0.424,173.809,172067,4
324,Lead Belly,Samuel Hall,41LlqFWNUcwqq0vT39kcbR,0,0.547,0.286,9,-12.328,1,0.114,0.848,0.000136,0.403,0.703,87.18,149081,4
325,Max Reger,"Variations And Fugue On A Theme By Wolfgang Amadeus Mozart, Op.132: Variation III",41sQmm0uzRDeMZf7iMWoBE,0,0.212,0.102,9,-20.242,0,0.0546,0.991,0.864,0.458,0.0672,109.832,97317,3
326,Lata Mangeshkar,Ka Rusava Ha Lataka,429fOH7czSy6kCW5CTuKxX,0,0.518,0.0939,1,-16.116,0,0.171,0.988,0.936,0.327,0.579,70.405,170480,4
327,Sergei Rachmaninoff,"10 Preludes, Op. 23: No. 2 in B-Flat Major: Maestoso",43uVDrTk4wkoOTOl5hkT4S,0,0.417,0.235,10,-16.073,1,0.0367,0.983,0.841,0.124,0.196,75.808,221920,4
328,Francisco Canaro,Cantando Se Van las Penas - Remasterizado,46klRudqtN85gjf6porYbM,0,0.565,0.152,9,-12.46,1,0.0668,0.991,0.856,0.106,0.667,128.024,178267,4
329,Tanguturi Suryakumari,Raraadha Aatalaadi,47OInGRgpcA3KK3SX7B12U,0,0.62,0.214,4,-16.725,1,0.105,0.993,0.323,0.11,0.778,116.994,145573,4
330,Mrityunjoy Banerjee,Mahakali,48sXPW2mwKyAhJziebf4kB,0,0.568,0.164,1,-16.24,1,0.0969,0.996,0.306,0.186,0.38,133.917,190240,3
331,Sergei Rachmaninoff,"10 Preludes, Op. 23: No. 1 in F-Sharp Minor: Largo",48sscj3vk1Fg3OO1IUBt7k,0,0.286,0.0735,6,-22.906,0,0.0511,0.994,0.936,0.125,0.105,82.431,220427,3
332,Dhananjay Bhattacharya,Radhe Bhul Kore Tui Chinli Na,4901hsRCzG6gUflNik474K,0,0.269,0.178,7,-17.133,0,0.0437,0.98,0.926,0.21,0.754,66.472,152200,3
333,M.G.Shreekumar,Soja Soja Chandni,49Dud5aLka17j1jntVrwHp,0,0.746,0.45,7,-10.767,1,0.0322,0.763,2.1e-05,0.0665,0.715,124.918,272667,4
334,Alfred Newman,The Day Begins - From “The Song Of Bernadette”,49E5qc1l2HanqNaAvuw4Ka,1,0.277,0.244,7,-15.904,1,0.0355,0.577,0.827,0.273,0.132,80.242,216693,4
335,Sitara,Hamari Zindagi Kya Hai,49zkAcGoKehzTF7oieIPLn,0,0.535,0.141,3,-12.466,1,0.376,0.994,0.853,0.285,0.436,67.337,194247,3
336,Ludwig van Beethoven,"Sonata No. 8 in C Minor for Piano, Op. 13 ""Pathétque"": III. Rondo. Allegro",4A3nsURjIHurOa26oqI7KC,0,0.356,0.155,0,-20.806,0,0.0405,0.992,0.925,0.252,0.287,109.101,241627,4
337,Noor Jehan,Ek Anokha Gham,4CRnt5lE6zAioOM6NxUqzw,0,0.553,0.183,6,-18.304,1,0.0964,0.992,0.904,0.112,0.424,67.275,188920,3
338,Francisco Canaro,El Moño Rojo - Remasterizado,4DZoXGk62XkAo0sHPHFfl5,0,0.239,0.135,4,-12.655,1,0.0414,0.989,0.644,0.0808,0.186,84.295,196573,4
339,Manna Dey,Chal Tu Door Nagariya,4E5nES3BfAjT1SM5GCoEgS,0,0.577,0.156,5,-17.077,1,0.151,0.989,0.933,0.113,0.626,75.654,175038,4
340,Kintero Shinigami,Just Know,4F10LaaYcv2ThRetO8Mjwx,0,0.516,0.452,1,-8.204,1,0.0322,0.0013,2.69e-06,0.128,0.0412,130.069,247060,4
341,Pandey Ji,Bhai Bhaj Le Shree Bhagwan,4FemcS1s3h7xoQBa5j1YtA,0,0.482,0.0882,0,-19.186,0,0.0484,0.993,0.931,0.0946,0.354,68.423,157760,5
342,M. K. Thyagaraja Bhagavathar,Thiruvarul Thara,4Fh5RIkW2eIvltNp9Y2mED,0,0.384,0.423,11,-8.616,1,0.0629,0.995,0.917,0.226,0.399,74.882,116529,4
343,Alfred Newman,Load Well Your Guns - From “The Song Of Bernadette”,4G9VbNb127fSGkW3uArkY7,0,0.153,0.0687,11,-19.662,1,0.0386,0.395,0.589,0.162,0.0366,90.057,143600,3
344,Chinmoy Lahiri,Mago Namami Tang Tarini,4HHSPVyY62O3pK419zUdMO,0,0.384,0.402,1,-17.449,1,0.0879,0.994,0.936,0.15,0.174,135.443,179293,5
345,Veena,Main Unki Ban Jaoon Re,4IrOFaZ3X15HtxXKbNfm7M,0,0.534,0.112,0,-18.018,1,0.0855,0.995,0.932,0.12,0.585,70.083,202053,4
346,Academia dos Renascidos,A fuga do Russinho (Paródia),4IxbpGFi7avXdo1H9GTImn,0,0.545,0.261,2,-14.101,1,0.232,0.943,0.0,0.291,0.554,167.796,137487,3
347,Odeon Dans Orkestrası,Milyon Darleken - Vals,4LXvMqk96qCh9SZIynpEY2,0,0.283,0.309,5,-12.319,1,0.0408,0.987,0.763,0.248,0.549,177.211,179865,3
348,Vasanti,Mat Kar Tu Abhiman,4Reid3b6HwWOMVIuLbvyHx,0,0.58,0.36,3,-11.233,1,0.169,0.992,0.843,0.276,0.679,69.19,179078,4
349,Sitara,Gori Banke Nain Se Chalaye,4SOXnQIfbG5lyT4yBrQA8C,0,0.54,0.381,11,-11.801,1,0.181,0.949,7.42e-05,0.756,0.895,125.171,249591,4
350,Motilal,Dost Dosti Ek Naya Sabak,4TKB7dofFfEjM4gvJwsrUV,0,0.54,0.227,9,-11.843,1,0.107,0.995,0.864,0.292,0.634,124.079,195222,4
351,Alfred Newman,Prelude And Early Dawn - From “The Song Of Bernadette”,4TOG9WZOUrlvzPqipx3vab,4,0.158,0.27,4,-13.391,1,0.0366,0.218,0.83,0.0729,0.0373,132.188,441333,3
352,Lead Belly,Little Sally Walker,4WHiib6Q5MTI4jnwPzoFMF,0,0.631,0.402,10,-11.733,0,0.125,0.855,0.0,0.412,0.698,80.465,165198,4
353,Shamshad Begum,"Gaadiwale Dupatta Uda Jaye Re (From ""Poonji"")",4Xeu6uOyRGxXFSefiX3CC8,1,0.796,0.24,5,-19.574,1,0.194,0.996,0.931,0.0802,0.879,124.271,209253,4
354,Umm Kulthum,Ana Fe Entzark,4XggEdqo6zaNKjeivqZW3T,3,0.401,0.484,4,-9.223,1,0.0662,0.641,0.0271,0.694,0.243,104.749,2111649,4
355,Tanguturi Suryakumari,Jojelayya Joharu,4XikuqTwy6TCM8LF9xrgiN,0,0.617,0.192,9,-16.877,1,0.277,0.994,0.451,0.117,0.89,125.736,178440,3
356,M. V. Subbaiah Naidu,"Satya Harishchandra, Pt. 4 - Dialogues",4YJQTmh8HUZLFtOLUMRJ6H,0,0.582,0.204,8,-14.521,1,0.387,0.985,0.00404,0.196,0.381,130.756,1772600,3
357,Ludwig van Beethoven,"Sonata No. 8 in C Minor for Piano, Op. 13 ""Pathétque"": II. Adagio cantabile",4Ygb33fq1BdmHxlpUKovVx,2,0.372,0.00883,8,-30.481,1,0.0412,0.995,0.929,0.119,0.134,94.323,333867,4
358,Lead Belly,New York City,4a9J6WXI80bMW7m6OvE8eH,2,0.641,0.327,6,-11.665,1,0.0641,0.946,0.00153,0.0543,0.863,89.326,184216,4
359,Kumar Sanu,Banda Nawaz Izzat Nawaz,4aCAHS5W9LWLo7fJOzOei5,0,0.653,0.743,7,-11.932,1,0.0333,0.765,0.000876,0.33,0.826,110.357,220027,4
360,Academia dos Renascidos,Elisa - Versão brasileira,4bmmStXCNDg67gfjQQi0Rj,0,0.535,0.218,0,-18.499,1,0.163,0.938,0.000274,0.0551,0.346,92.019,93483,4
361,Richard Rodgers,"Oklahoma! (1943): Oh, What A Beautiful Mornin' - Voice",4ewo3QpPEHWb2I0wUimyAJ,2,0.319,0.218,2,-11.598,1,0.0336,0.986,0.0103,0.111,0.297,74.018,200360,3
362,Enric Madriguera,The Cuban Yodeler - Remastered,4f6ejnUo1IUMUUA4772BxS,0,0.731,0.583,0,-8.915,1,0.241,0.842,1.44e-05,0.772,0.784,90.513,199062,4
363,Richard Rodgers,Cinderella (1957): Do I Love You Because You're Beautiful? - Voice,4fkZxmWKOla40GwvwPYu4G,2,0.266,0.239,5,-15.521,1,0.0404,0.956,0.00115,0.149,0.0602,128.874,170760,5
364,Hemant Kumar,Jakhan Sandhyatara Uthbe,4gVy9mSNVrLOWby8xWhKaf,0,0.284,0.0976,2,-20.604,1,0.0649,0.995,0.905,0.111,0.281,73.021,191560,4
365,Gauhar Sultana,Shabnam Kyon Neer Bahaye,4hvCWsVPSEDU23bejS08Gr,0,0.351,0.0729,2,-21.121,0,0.0425,0.993,0.906,0.218,0.498,126.879,191040,3
366,Kaushalya,Main Na Jaihon Akeli Bajariya,4i9yI1MjpJFDq2h70FgWpy,0,0.416,0.243,1,-14.297,1,0.0527,0.992,0.494,0.401,0.425,132.545,205893,1
367,Francisco Canaro,Cuando un Viejo Se Enamora - Remasterizado,4id3igKMX0VGkR1w7h9pr0,1,0.787,0.337,7,-9.294,1,0.246,0.952,0.708,0.0589,0.84,109.088,154160,4
368,Richard Rodgers,South Pacific (1949): There Is Nothin' Like A Dame - Voice,4j3khBLUrTbyAPmhi8d1lV,1,0.662,0.362,4,-12.122,1,0.0997,0.925,3.65e-06,0.182,0.384,129.134,216267,4
369,Arun Kumar,Dheere Dheere Aa Re Badal,4jNanfcPmvPfZXebnrojgT,0,0.351,0.236,10,-15.013,0,0.105,0.995,0.838,0.254,0.795,50.497,216400,4
370,Ghantasala,Kantha Chethi Lopala And Sri Hariye Natana,4kUM37F3TlSavzI0J6xjyG,0,0.664,0.51,5,-9.58,0,0.128,0.92,0.0891,0.823,0.899,126.502,68840,3
371,Marine Band Of The Royal Netherlands Navy,Sleigh Ride,4lxWxLxmGx85fRNC09yqLM,0,0.462,0.615,0,-7.193,1,0.0418,0.505,0.000108,0.289,0.604,99.287,222842,4
372,Münir Nurettin Selçuk,Ömrüm Seni Sevmekle Nihayet Bulacaktır,4mGASCYXaylPKnwVBJLHVv,1,0.428,0.336,9,-10.915,1,0.146,0.994,0.442,0.688,0.16,66.694,181473,3
373,Academia dos Renascidos,A judia,4ngubpGDoqsVQQIRAYF6Xw,0,0.606,0.118,8,-19.272,1,0.498,0.834,0.0,0.176,0.46,97.416,280579,3
374,Lead Belly,A Lesson In History,4oWh3Q48qUfCDe4jVVAqPc,0,0.495,0.366,9,-13.035,1,0.0606,0.842,0.0351,0.12,0.961,196.477,114730,4
375,Alfred Newman,The Grotto - From “The Song Of Bernadette”,4pw6bhe2PgOe1fY8zmWOSI,0,0.163,0.34,1,-13.022,0,0.0358,0.916,0.855,0.227,0.0337,110.595,159507,1
376,Veena,Insan Kya Jo,4qH84WXNZKhCPBcIg3fICW,0,0.708,0.228,8,-13.161,1,0.0977,0.992,0.777,0.109,0.726,143.192,168373,3
377,Lead Belly,Ha Ha Thisaway,4qYoDBDgY5fFAjAVYqwfXQ,0,0.657,0.329,8,-12.702,0,0.137,0.872,0.0,0.425,0.741,97.917,161907,4
378,Bastiaan Everink,Winter Wonderland,4r2Ug2d6hoMiRHbPaDyZPK,0,0.508,0.473,1,-9.069,1,0.0331,0.766,0.0678,0.111,0.404,111.46,198066,4
379,Sergei Rachmaninoff,"13 Preludes, Op. 32: No. 1 in C Major: Allegro vivace",4tQ7PBrTBpGdSIPYjlYAQT,0,0.493,0.26,5,-18.201,1,0.0329,0.972,0.896,0.131,0.345,89.9,72413,4
380,Academia dos Renascidos,Sempre!,4u3etaS3mYunu5JQUJjLFn,0,0.582,0.242,0,-16.609,0,0.346,0.908,0.0,0.145,0.359,80.705,95788,4
381,César Franck,"Psyché: 3. Les jardins d'Eros, FWV 47",4vWeOuIGh6Ao7vOJHuPVow,0,0.195,0.294,5,-15.051,1,0.0374,0.939,0.889,0.15,0.0466,74.698,203507,4
382,Mumtaz Shanti,Mera Tan Nache,4wS8e1EGJ1Jo1Ujkn4APtQ,0,0.525,0.236,3,-8.965,1,0.263,0.989,0.0378,0.114,0.911,62.312,197436,4
383,Hemant Kumar,Aasbe Na Ta Nai Ba Ele,4x3xTsTEYF9kx10DI9ZVJS,0,0.336,0.134,0,-17.477,1,0.0409,0.996,0.921,0.116,0.368,71.232,203373,3
384,Khurshid Bano,O Dukhiya Jiyara Roye,4x8xyjMhbJR6C6cB8C7A4D,0,0.303,0.227,5,-15.378,0,0.0478,0.993,0.929,0.145,0.347,84.927,199656,4
385,Max Reger,"Variations And Fugue On A Theme By Wolfgang Amadeus Mozart, Op.132: Variation I",4xliMfPQ0maVeyHo32B0X7,0,0.205,0.109,9,-21.271,1,0.0417,0.98,0.85,0.214,0.337,87.252,153353,3
386,Safiye Ayla,Ömrümün Neşesiz Geçti Baharı,50MTkkUdQLwnqnI5mbtCak,0,0.259,0.332,5,-14.513,0,0.159,0.991,0.902,0.705,0.0915,93.96,167967,3
387,Lead Belly,Dicky,526tU0qP63ImetzGrGaepJ,0,0.555,0.346,2,-15.189,1,0.0597,0.836,0.38,0.469,0.913,125.556,21864,3
388,M. K. Thyagaraja Bhagavathar,Vadhaname,53yCx6RunvZIoyTOjpKW3i,1,0.559,0.541,8,-6.569,1,0.033,0.921,0.887,0.416,0.736,116.923,164560,3
389,Carl Maria von Weber,"Der Freischütz, Op. 77, J. 277 / Act 2: ""Alles pflegt schon längst der Ruh'""",53zYQK9vdeKcRx6ziW0zGE,0,0.405,0.107,4,-16.59,1,0.0824,0.986,0.000257,0.0943,0.2,83.88,264936,3
390,Francisco Canaro,Soñar y Nada Más - Remasterizado,55c4thIuOQgkQlcbnbBhdR,0,0.476,0.221,1,-11.688,0,0.201,0.987,0.625,0.0515,0.788,184.481,197720,3
391,David Morrison,One for My Baby (and One More for the Road),56277knvlLk0QA5OW000s2,0,0.524,0.283,4,-9.552,1,0.0331,0.721,0.000372,0.105,0.187,133.421,252509,4
392,Anupam Ghatak,Maa Jar Anandamoyee,56TbfzdVidaQQ7YdW3clvU,0,0.294,0.104,1,-18.835,0,0.0358,0.994,0.903,0.0906,0.414,69.485,193960,3
393,Hemant Kumar,Tomar Jiban Hote,5A1AFuf0FwaO6Xf1Wg3VHC,0,0.46,0.155,0,-16.75,0,0.0466,0.994,0.317,0.104,0.629,63.266,199120,3
394,Raavu Balasaraswathi,Chestanupellichestanu,5Bke9BRjZZJytfVtM5VzSY,0,0.55,0.229,8,-15.463,1,0.0555,0.993,0.863,0.138,0.789,77.617,145571,4
395,Bastiaan Everink,I'll Be Home for Christmas,5Bnjsqd6UK6anFbnGVSZNR,0,0.211,0.331,10,-10.036,1,0.0321,0.971,0.221,0.0786,0.176,113.432,233059,4
396,Chittoor V. Nagaiah,Aadana Paadana,5Chj3dAypzWwJPzMBFxiRy,0,0.46,0.31,10,-10.499,1,0.0358,0.993,0.863,0.179,0.62,115.772,122413,4
397,Kamala Bai,Kaamadhenu Namipena,5DWgQCaViKOqIuNRGrUwPS,0,0.592,0.313,11,-12.035,1,0.0819,0.971,0.00993,0.143,0.876,67.108,152787,4
398,Francisco Canaro,Cada Vez Que Me Recuerdes - Remasterizado,5DunHCvSH38KaE67ZrIavo,0,0.54,0.206,2,-9.156,1,0.0675,0.968,0.673,0.0623,0.602,127.305,155627,4
399,Francisco Canaro,Mi Chapalita - Remasterizado,5Dv6G7kQwsJE9K5G8zKtor,0,0.801,0.343,1,-8.521,1,0.0482,0.936,0.629,0.0671,0.913,139.346,192653,4
400,Bastiaan Everink,I've Got My Love to Keep Me Warm,5EVOfoCqflRyjKUDwbNzSZ,0,0.396,0.485,1,-7.206,1,0.0324,0.803,0.0217,0.133,0.374,126.412,247060,4
401,Kanika Banerjee,Nishith Shayane Bhebe Rakhi Mone,5FK9ND8Mb8PsnjJQMZ6tar,0,0.403,0.295,5,-13.084,0,0.0423,0.993,0.00345,0.119,0.336,139.738,192693,1
402,Zahur Raja,Oh Phoolonwali,5Fa0tSubJyMAySYrT3PeSs,0,0.507,0.165,6,-12.827,1,0.248,0.995,0.894,0.0886,0.837,180.72,190897,4
403,Max Reger,"Variations And Fugue On A Theme By Wolfgang Amadeus Mozart, Op.132: Theme",5FpQ9Zcg7RH2TWneFehShv,0,0.179,0.0838,9,-23.954,1,0.0477,0.977,0.756,0.192,0.0511,156.873,163003,5
404,Max Reger,"Variations And Fugue On A Theme By Wolfgang Amadeus Mozart, Op.132: Fugue",5GpPQJ4tYRxz9CY8RXWm2i,0,0.541,0.145,9,-14.329,1,0.0575,0.986,0.325,0.257,0.426,126.663,532269,3
405,Rajkumari,Woh Gaye Nahin Hamen Milke,5HehxfHw70Jouy875OTx59,0,0.396,0.192,3,-21.14,1,0.104,0.995,0.851,0.112,0.678,147.812,196188,4
406,Maurice Ravel,"Rapsodie espagnole, M.54: 1. Prélude à la nuit",5I7G4W06U5snqga8cDc592,0,0.127,0.0222,2,-34.86,1,0.0349,0.983,0.843,0.13,0.0392,79.214,253067,3
407,Surendra,Preet Ki Jyot Jalakar Chup Hai,5IgrrArddNPlcDWjCay56W,0,0.365,0.177,10,-16.854,1,0.0469,0.98,0.789,0.109,0.257,70.502,207067,1
408,Sergei Rachmaninoff,"13 Preludes, Op. 32: No. 12 in G-Sharp Minor: Allegro",5JWrvCupnHRoo5TCXq1vQW,0,0.317,0.113,1,-20.813,0,0.0453,0.989,0.967,0.353,0.113,117.533,140680,3
409,Rajkumari,Ho More Raja Ji,5JixkvijodhPO8MsvJbIw2,0,0.485,0.336,2,-9.097,0,0.264,0.993,0.785,0.148,0.749,178.658,197293,3
410,C. Ramchandra,Gun Gun Karta Aaya - Instrumental,5K0dD2AUaIJuP1r6uhFZMf,0,0.75,0.822,0,-7.021,1,0.0267,0.379,0.756,0.324,0.877,105.185,266600,4
411,César Franck,"Variations symphoniques, FWV 46",5LRNesWKrO3sQY4vTi3E4X,0,0.307,0.065,2,-22.186,1,0.0339,0.99,0.795,0.106,0.0563,100.183,947453,4
412,Jikki,Maa Chinni Paapaayi,5LvoRXpExE8SIswqH6q74j,0,0.546,0.539,0,-6.353,1,0.0499,0.95,0.00281,0.107,0.74,114.993,135333,4
413,Arun Kumar,Tere Dukh Ke Din Phirenge,5MCeMAew1iaqIq3VWn0w1Y,0,0.361,0.302,8,-11.005,1,0.0354,0.96,0.0217,0.0912,0.361,82.244,155933,5
414,M. V. Subbaiah Naidu,"Satya Harishchandra, Pt. 2 - Dialogues",5MU5qnv2QNfR54nkyJrHHr,0,0.579,0.201,7,-13.275,1,0.541,0.925,2.69e-06,0.656,0.46,75.165,1767067,4
415,Shamshad Begum,Chham Chham Ghanghor Ghataye,5NORVWGtkcQjMOh8sY0dpW,0,0.66,0.23,4,-11.663,0,0.0617,0.969,1.78e-05,0.225,0.773,77.22,202383,4
416,Khursheed Bano,Ankhon Ka Khel Khel Ke,5NsUTo3aY0JMP0V6VJiXMV,0,0.404,0.0641,9,-16.81,0,0.0523,0.995,0.81,0.117,0.512,84.823,182920,3
417,Bastiaan Everink,Joy to the World,5OLL7HWp2Q8DCQ8vyqFm7u,0,0.434,0.393,2,-7.907,1,0.0298,0.97,0.733,0.308,0.353,94.409,166069,4
418,Ludwig van Beethoven,"Piano Sonata No. 30 in E Major, Op. 109: II. Prestissimo",5PKByAngYm3v2tR9uX3U7t,0,0.289,0.104,4,-19.486,0,0.0309,0.992,0.917,0.195,0.171,86.42,129813,4
419,Sitara,Jal Ja Jal Ja Patange,5TxwUhySxbew0czpyTKFpO,0,0.496,0.215,10,-13.71,1,0.0525,0.993,0.874,0.103,0.295,117.43,195440,4
420,Sergei Rachmaninoff,"13 Preludes, Op. 32: No. 9 in A Major: Allegro moderato",5V0JhyN51Ye1FbkZ8o0avQ,0,0.279,0.0811,11,-22.453,0,0.0318,0.978,0.943,0.216,0.191,42.869,180467,3
421,Sergei Rachmaninoff,"13 Preludes, Op. 32: No. 4 in E Minor: Allegro con brio",5WHL2fHDhnw5F2cPa8MRxz,0,0.311,0.164,7,-19.092,1,0.0381,0.981,0.898,0.481,0.213,105.526,280533,4
422,Francisco Canaro,El Copetín - Remasterizado,5XHOUTeRDLrQ5lBmRu7wM8,0,0.578,0.27,6,-10.801,1,0.128,0.989,0.656,0.232,0.839,140.395,177320,4
423,Snehprabha Pradhan,Aise Hamsayon Se,5Ximpc3KGnR41g2f1YCsaO,0,0.771,0.334,1,-8.664,1,0.262,0.994,0.631,0.107,0.855,98.859,171909,4
424,Lead Belly,Good Morning Blues,5ZnYpiJ83eHMByjww3gZKn,0,0.586,0.361,2,-7.684,1,0.0536,0.955,0.404,0.101,0.808,135.23,143569,4
425,Academia dos Renascidos,O filho da lavandeira,5ZvwHxLQOX2Ku1QymWQa4S,0,0.563,0.135,9,-18.222,1,0.172,0.938,0.0,0.11,0.533,102.489,229791,1
426,Radharani,Mere Dukh Ki Rain Kati,5bTu7GZk2fnx2wjDaNYDyV,0,0.547,0.179,5,-11.239,0,0.0817,0.992,0.496,0.125,0.334,115.319,193000,4
427,Gauhar Sultan,Hamen Gham Deke Na Jao Sajan,5eL70L2D8XmTGpNaLg2eMH,0,0.431,0.112,1,-17.129,1,0.0475,0.995,0.801,0.199,0.475,100.156,163027,4
428,Celeste Holm,I Cain't Say No - Alternate Take,5exvTfFdROriwDHrnLlAod,2,0.677,0.141,5,-13.159,1,0.0511,0.819,0.0,0.123,0.649,121.645,183880,4
429,Ghantasala,Mahasakthi Manthulaina,5i7oZylYdKIpvzt4S7QOPp,0,0.465,0.787,8,-6.623,1,0.0531,0.891,0.0111,0.76,0.961,79.363,59832,4
430,Lead Belly,Mississippi River (No. 2),5ivsVEtMt97eICu4VCaV15,0,0.379,0.31,7,-11.595,1,0.051,0.816,0.0422,0.0949,0.925,72.532,98534,3
431,Khursheed Bano,Koyaliya Kahe Bole Ri,5jnkvWf66m5ZZOa3MUohWi,0,0.531,0.0817,3,-17.346,1,0.0641,0.995,0.919,0.176,0.798,72.71,190760,3
432,Francisco Canaro,"Tranquilo Viejo, Tranquilo - Remasterizado",5oAisaYJegNYvocduELvuF,0,0.714,0.346,2,-9.719,1,0.335,0.986,0.207,0.0924,0.866,131.671,164160,4
433,Lead Belly,Ham An' Eggs,5ol8XFp3imfOciNNivBxMj,0,0.489,0.165,4,-14.92,1,0.347,0.993,2.57e-05,0.55,0.196,106.231,178573,4
434,G. M. Durrani,"Neend Hamari Khwab Tumhare (From ""Nai Kahani"")",5opokoSULMCwS9pkJ8Dkw7,0,0.576,0.156,4,-14.689,0,0.071,0.982,0.00808,0.115,0.746,76.54,181840,4
435,Suraiya,Saqi Ki Nigahen Sharab Hai,5qWOmAIsLp3RzlmMOj1drE,0,0.484,0.469,3,-11.403,1,0.264,0.99,0.82,0.187,0.625,105.761,170899,4
436,Francisco Canaro,Y No la Puedo Olvidar - Remasterizado,5rsSEp6bChmjAiY4NXdayc,0,0.689,0.0808,9,-14.33,0,0.0806,0.989,0.799,0.106,0.678,131.433,186013,4
437,Alka Yagnik,Phool Ki Patti Sa Tan Iska,5tXssjEkUVFwV5EPeVQCvs,0,0.846,0.69,8,-8.354,1,0.162,0.748,0.0,0.0309,0.89,120.693,344133,4
438,Richard Rodgers,Oklahoma! (1943): People Will Say We're In Love - Voice,5ujJtc5RMgKNwXl2nbWaur,1,0.23,0.259,7,-12.496,0,0.0403,0.972,0.00974,0.218,0.136,168.581,273293,5
439,Ludwig van Beethoven,"Sonata No. 14 in C-Sharp Minor for Piano, Op. 27, No. 2 ""Moonlight"": I. Adagio sostenuto",5vNEnheiqX4HqJHXMMFBSZ,2,0.361,0.0169,1,-34.896,0,0.0486,0.995,0.941,0.153,0.105,130.128,393107,3
440,Sergei Rachmaninoff,"13 Preludes, Op. 32: No. 13 in D-Flat Major: Grave - Allegro - Grave",5wIvIXAT917grcmcsALBjF,0,0.403,0.185,1,-19.328,1,0.0415,0.978,0.933,0.355,0.0922,130.069,263480,3
441,"Yessister, Jazzsister",Hark! The Herald Angels Sing,5wf6BrHvafXM8dRvSjJ1Ft,0,0.221,0.301,5,-8.077,1,0.0292,0.839,0.000461,0.0876,0.105,143.302,222052,3
442,Sitara,Ek Pardesi Aaya,5y0EgMFMvrL2vSbXm2yju3,0,0.577,0.134,0,-14.236,1,0.167,0.994,0.965,0.209,0.621,126.544,193654,4
443,Rajkumari,Tum Meri Jeevan Naiya Ho,5y93nIckQUmqdX1Rk1JgOT,0,0.346,0.178,7,-16.491,0,0.0744,0.992,0.848,0.124,0.636,69.376,189414,4
444,Kanika Banerjee,Na Na Na Dakbo Na Dakbo Na,5zRQOqzDBqRK51BUQcaQ8M,0,0.49,0.42,10,-11.719,1,0.0416,0.966,0.00207,0.223,0.488,111.637,159733,3
445,Zahur Raja,Chalat Hai Mast Hawaen,60KJqY1lIFO1LiKr7y2Hfd,0,0.624,0.097,3,-12.192,1,0.172,0.996,0.89,0.216,0.747,104.964,198616,4
446,Alfred Newman,A Father's Promise - From “The Song Of Bernadette”,60jTFXcQWYUm0oslyn5qIw,0,0.137,0.214,2,-18.288,1,0.0396,0.841,0.98,0.148,0.0387,81.591,112867,3
447,Academia dos Renascidos,A oração da infância,62iXAxzvq6p9dOkxLf7pzu,0,0.666,0.219,7,-18.125,1,0.163,0.932,0.0,0.0878,0.788,105.359,85834,3
448,Sergei Rachmaninoff,"10 Preludes, Op. 23: No. 3 in D Minor: Tempo di minuetto",63fl0oKrFRRPCzMCX5Sww6,0,0.314,0.104,10,-20.027,1,0.0403,0.992,0.921,0.303,0.31,78.569,207307,1
449,Lead Belly,Ol' Riley,64I2Cmx94qAnINDmj0IF8W,0,0.468,0.288,3,-14.063,1,0.079,0.942,0.0,0.22,0.667,70.606,153130,3
450,Richard Rodgers,South Pacific (1949): Some Enchanted Evening - Voice,64SIMH4ePS7AZfpLXW1r3T,1,0.197,0.234,0,-13.919,1,0.0378,0.963,0.00439,0.0868,0.25,87.107,180867,4
451,Alfred Newman,Unused Cue #2 - From “The Song Of Bernadette”,64VhZe7zb5Heq2QVa0RjQG,0,0.0764,0.193,1,-15.246,0,0.0357,0.736,0.936,0.109,0.0366,81.276,228800,4
452,Van Shipley,O Meri Sharmilee - Instrumental,660XNJjqoQgo8fhG7G8xkp,0,0.532,0.471,2,-10.055,1,0.0345,0.653,0.21,0.0565,0.696,117.19,134853,4
453,Raavu Balasaraswathi,Elukovayya,66nHySrcD42MTcvZg2VrcD,0,0.44,0.285,2,-14.811,1,0.0356,0.991,0.842,0.346,0.505,75.601,137240,4
454,Bastiaan Everink,Holy Night,67F8PiArMzUDkbp2wORy1L,0,0.19,0.312,11,-8.534,1,0.0298,0.979,0.613,0.214,0.0701,139.248,218059,3
455,Anjali Devi,Yeh Kaisa Hai Dharm Tumhara,680wIjuUHmD8n3W5O6PCCH,0,0.507,0.163,6,-11.402,0,0.096,0.995,0.627,0.19,0.523,75.922,188017,3
456,Academia dos Renascidos,O homem menino,689L67ugeGGJspZYkDh7Ar,0,0.681,0.391,9,-14.781,1,0.309,0.904,1.86e-05,0.0748,0.743,119.703,131031,3
457,Franklin Delano Roosevelt,On the Armistice in Italy - 09 08 1943,68JJkfgCKoxOfsdkRVhazN,0,0.628,0.271,10,-11.341,0,0.87,0.625,0.0,0.241,0.558,82.481,711868,3
458,Lead Belly,Down In Louisiana,68bYnLdEpqEjsyc2pGge2n,0,0.474,0.242,9,-12.34,1,0.0364,0.923,0.00011,0.124,0.786,76.425,110106,4
459,Sitara,Souten Ke Ghar Na Jaiyo,68tMd4DszckXwQ5SDMJN6Z,0,0.57,0.414,6,-8.645,0,0.0548,0.851,0.0,0.355,0.937,119.117,147170,4
460,Francisco Canaro,"Ay Jalisco, No Te Rajes - Remasterizado",6AdGY4Tjg0EFwKmR4iCWGc,0,0.694,0.234,2,-10.539,1,0.0667,0.987,0.794,0.109,0.745,141.016,213640,4
461,Francisco Canaro,Se Dice de Mi... - Remasterizado,6BwKr8DcWxhZhKUm4NHN6F,1,0.686,0.428,1,-9.591,1,0.424,0.973,0.606,0.0833,0.844,88.601,195960,4
462,Enric Madriguera,Como Tru Cu Tu - Remastered,6Dgd0wKunKQDsIulry9g3m,0,0.542,0.743,7,-6.412,1,0.151,0.585,8.91e-06,0.516,0.82,75.342,192470,4
463,B.S. Raja Iyengar,Shanthiye Jeevana,6DibqkCJXKQ2Hnmu1kELqJ,0,0.569,0.572,11,-9.179,1,0.0482,0.91,0.0136,0.48,0.593,121.18,196400,4
464,Asha Bhosle,Babam Babam,6DnwFimVqucvxm5PSCP7GT,0,0.482,0.514,8,-13.153,1,0.0548,0.933,0.83,0.22,0.707,95.445,271093,4
465,Lead Belly,"Haul Away, Joe",6ED0x2vQESi6YSh4GkYBBs,0,0.451,0.243,5,-13.477,1,0.276,0.888,0.0,0.324,0.359,80.137,136359,4
466,Ramola,Cycle Ki Sawari Hai,6FOsvLyHkCvgTygbrfFfyF,0,0.819,0.318,8,-8.207,1,0.18,0.993,0.914,0.391,0.894,76.861,203564,4
467,Francisco Canaro,La Negrita Candombe - Remasterizado,6FifQ3zyt9rIQJCjGSj3fA,0,0.809,0.244,0,-12.928,1,0.16,0.979,0.135,0.119,0.931,105.389,163133,4
468,Amirbai Karnataki,Ghar Ghar Mein Diwali Hai,6Hy7STtg7CpwswT6KFlqG6,0,0.555,0.103,10,-20.498,1,0.244,0.993,0.908,0.11,0.712,144.065,329953,3
469,Alfred Newman,Commission Convenes - From “The Song Of Bernadette”,6Ivxe48yPtoDW2ac4WVMAB,0,0.107,0.186,2,-12.528,1,0.0325,0.626,0.637,0.181,0.0622,92.659,112200,4
470,Francisco Canaro,Mi Reflexión - Remasterizado,6JIHNxPCcrhOLn99AAeIEw,0,0.649,0.151,10,-10.732,1,0.182,0.985,0.811,0.117,0.806,124.248,157733,4
471,Farida,Dil Se Dil Ka Dhadkan Nikla,6KhTX3L8k2EUPNi4An08gw,0,0.72,0.158,3,-7.513,1,0.123,0.995,0.848,0.23,0.852,122.714,201514,4
472,Vasanti,Kaisa Sundar Sama Suhana,6Nk5HzGcxioIVHDkvSi5nq,0,0.799,0.381,10,-8.522,1,0.229,0.992,0.598,0.101,0.871,120.217,188273,4
473,Snehprabha Pradhan,Dagar Mori Chhodo Ji,6O5D1zGW1SRXFEil2nLbbZ,0,0.646,0.196,5,-9.729,0,0.271,0.995,0.0653,0.151,0.803,62.771,160356,4
474,Lead Belly,Mississippi River,6R0F8FHdErqdNciDxrWnMO,0,0.396,0.4,9,-12.506,1,0.0496,0.732,0.0105,0.103,0.911,84.796,158198,4
475,Ludwig van Beethoven,"Piano Sonata No. 23 in F Minor, Op. 57 ""Appassionata"": III. Allegro ma non troppo - Presto",6ROXtpvCCwzPRdy21pcoMo,0,0.23,0.283,10,-19.124,0,0.0373,0.978,0.915,0.131,0.0842,72.328,473853,4
476,Lead Belly,Can't You Line 'Em,6SSPlNGZMYDnRwFeA61iO7,3,0.669,0.0961,8,-15.404,1,0.129,0.973,0.0,0.417,0.665,93.643,178625,4
477,Ashok Kumar,Kya Mohabbat Ka Yehi Anjaam Hai,6TYQu0TsuYs2awD9SXaZ1f,0,0.47,0.284,11,-10.563,0,0.0416,0.956,0.0739,0.118,0.682,79.725,209827,3
478,Francisco Canaro,Manolita - Remasterizado,6VQNtOzEwL9u8RGKdVfTQF,0,0.694,0.19,0,-9.527,1,0.0609,0.991,0.734,0.199,0.897,96.513,183427,1
479,Alfred Drake,The Surrey With The Fringe On Top - Alternate Take,6WXEz0HcIo4ybLCrmS5BO8,3,0.472,0.15,4,-14.665,1,0.0928,0.94,0.0,0.13,0.438,159.283,189880,4
480,Tanguturi Suryakumari,Valachi,6WvYwZNE2JZd8RRfCu9pY9,0,0.437,0.273,9,-14.98,1,0.0511,0.98,0.000551,0.132,0.908,82.004,347773,3
481,Richard Rodgers,Oklahoma! (1943): Out Of My Dreams - Voice,6Xtbizf3rYfHja2pOg4OaO,0,0.32,0.14,8,-16.431,1,0.0393,0.988,0.101,0.205,0.159,100.665,162133,4
482,Amirbai Karnataki,Bahar Aai Re,6Y0Aua5kEceeB1fCt8gqdn,0,0.622,0.24,10,-7.707,1,0.0779,0.988,0.0103,0.284,0.81,112.504,192880,3
483,P. U. Chinnappa,Nadaiyalangaram,6akd3baRiRXnKTfQZMOZQ4,0,0.496,0.49,4,-6.537,1,0.0476,0.992,0.00034,0.297,0.768,73.411,188773,3
484,Angel Garcia y Tino Lopez,Con La Prensa Me Agarraron,6aqQYwiubGPX3puAA3pJTE,0,0.736,0.61,2,-5.848,1,0.034,0.0198,4.14e-06,0.351,0.467,112.477,211632,3
485,M. K. Thyagaraja Bhagavathar,Vaasamalar Madanthai,6avqxN8QLTf4bAXvqH4N6G,0,0.35,0.368,6,-6.54,1,0.0338,0.966,2.65e-05,0.17,0.515,136.042,76253,4
486,Suraiya,Karwaten Badal Raha Hai,6bwXjnXEIJmTX9fdnSFsjc,0,0.704,0.23,10,-10.527,1,0.0897,0.993,0.799,0.274,0.791,121.694,161053,4
487,Sergei Rachmaninoff,"10 Preludes, Op. 23: No. 6 in E-Flat Major: Andante",6dtvK5s7LIkBbPONcgR9PR,0,0.333,0.0804,8,-19.665,1,0.0426,0.995,0.927,0.0712,0.193,90.2,169493,3
488,Suraiya,Jeevan Jamuna Paar,6e8vQNNSLT5WcMzsFgm006,0,0.636,0.26,10,-13.464,1,0.0656,0.995,0.464,0.236,0.793,127.975,174986,4
489,Meenakshi,Bijli Chamkan Lagi,6eR7kt1xeqklrU8JCwpbcA,0,0.527,0.0649,3,-11.639,0,0.0727,0.995,0.0224,0.157,0.589,106.296,165343,3
490,Ramola,Main Gaoon Ki Kya Rani,6ey7E3K2C8LHRpdNTfKkX8,0,0.693,0.213,11,-9.011,0,0.302,0.991,0.0127,0.185,0.647,84.89,177627,4
491,Ramola,Panchhi Ga Re,6fJiifCpQTiTtP2PSm5wTP,0,0.646,0.26,4,-7.223,1,0.0599,0.989,0.0903,0.155,0.849,130.784,164090,4
492,Max Reger,"Variations And Fugue On A Theme By Wolfgang Amadeus Mozart, Op.132: Variation IV",6fURFSlQ9uaChOFw2Ep2j9,0,0.678,0.664,0,-8.63,1,0.0451,0.982,0.993,0.571,0.567,112.699,43795,4
493,Shamshad Begum,Tumse Duniya Mujhe Chhudati Hai,6hez1Y1O6opWXcaUjpNU8T,0,0.41,0.0413,1,-15.989,1,0.0563,0.99,3.25e-06,0.329,0.429,79.017,158000,4
494,Bechu Dutta,Jai Tabe Chole Jai,6hv6lft9z1rulXUgt7BjbX,0,0.408,0.246,10,-13.923,1,0.0358,0.989,0.801,0.114,0.326,65.29,182440,4
495,Suraiya,Bistar Bichha Diya Hai,6iEsZXhiMDhfFNJrOFDgN4,0,0.432,0.489,5,-11.541,1,0.39,0.993,0.602,0.278,0.649,80.263,196255,3
496,Rajkumari,Chachi Ji Mori Chuha,6iScYknd8gxm5c2ptD4dL1,0,0.701,0.289,3,-12.765,1,0.445,0.995,0.93,0.112,0.746,75.14,167001,4
497,Khurshid Bano,Ghata Ghan Ghor,6iie264sjna1RKMOFXhTiS,0,0.454,0.222,5,-14.438,0,0.161,0.994,0.941,0.161,0.626,215.771,198455,4
498,Alfred Newman,I Saw A Lady - From “The Song Of Bernadette”,6kF1SuiRoAM8Xa1Xzrda4v,0,0.102,0.195,7,-17.653,1,0.0361,0.641,0.57,0.0855,0.0387,87.978,164173,4
499,Rishyendramani,Athi Bhagyasali Nari,6lkonaxSWJiJmYnKSXWrPw,0,0.437,0.262,1,-11.512,1,0.0546,0.994,0.661,0.533,0.798,85.67,156774,3
500,Nalini Jaywant,Kheton Pe Chale Bhaiya Kisan Re,6m0NnIJINZYtGRzlDxpcRF,0,0.513,0.175,5,-13.401,0,0.257,0.993,0.772,0.151,0.883,181.103,159400,3
501,Francisco Canaro,Desesperanza - Remasterizado,6mjFLe2bHxQFQPUI9sIiSY,0,0.318,0.112,4,-12.957,0,0.0482,0.994,0.384,0.093,0.18,64.192,189627,4
502,Academia dos Renascidos,A visão!,6mmkUPuvF3rMceyiDaDm7X,0,0.605,0.202,0,-18.808,1,0.165,0.92,0.0,0.148,0.841,76.86,97921,4
503,M. K. Thyagaraja Bhagavathar,Thamiyen Painthamizh,6mspD8vo4bapICwXkC3kdR,0,0.558,0.346,0,-8.916,0,0.0627,0.975,4.92e-06,0.139,0.844,93.228,134973,3
504,Alfred Newman,The Betrayal - From “The Song Of Bernadette”,6nwYTZEzZWH5pb4BOLdo5w,0,0.23,0.144,11,-21.381,1,0.04,0.91,0.848,0.136,0.0359,132.093,56760,3
505,Francisco Canaro,Que Me Quiten Lo Bailao - Remasterizado,6p9cdV4VwAEN4UMe1F0l07,0,0.672,0.252,7,-8.252,1,0.129,0.968,0.767,0.298,0.864,129.188,208053,4
506,Academia dos Renascidos,Os fenianos,6tHuitY98z35DqhTR6u4Vw,0,0.671,0.255,0,-14.495,1,0.291,0.938,0.0,0.0896,0.794,77.212,102332,4
507,Mumtaz Shanti,Tu Aaj Koi Geet Sajan,6tnLJsCEJ1GoGjH1Zrx2Zs,0,0.652,0.224,8,-11.902,0,0.476,0.995,0.301,0.176,0.641,68.574,179363,5
508,Rajkumari,Tu Mujhe Bana Le Rani,6v5r3UdaAlGBFtAtmTfo4t,0,0.549,0.186,11,-14.583,1,0.102,0.995,0.868,0.107,0.808,137.595,189420,3
509,Lead Belly,Old Black Cow,6v7PX1IPb4XyKQkUOJtcD8,0,0.558,0.346,9,-11.115,1,0.0394,0.811,0.000986,0.359,0.923,72.101,109845,4
510,Zahur Raja,Tu Ek Suhana Sapna,6yd1pcHP4vtyesoUGAXAxc,0,0.518,0.256,10,-11.716,1,0.36,0.995,0.935,0.192,0.84,60.803,197962,3
511,Alfred Drake,Pore Jud Is Daid - Alternate Take / Complete Version,6z8AcVULG39BBPsNbTgTdM,1,0.474,0.216,4,-13.012,1,0.0828,0.817,0.0,0.171,0.386,139.528,228880,4
512,Ramkumar Chatterjee,Byabharete Jana Gelo,70BERLMRh9XHJEM9EPFCIx,0,0.5,0.0595,0,-20.454,1,0.15,0.995,0.952,0.109,0.597,69.214,189733,4
513,Vatsala Kumthekar,Loot Liya Tikhi Chitwan Dikha Ke,70M13JJrVPD6r05olEQBh6,0,0.498,0.249,1,-12.947,0,0.0695,0.992,0.852,0.12,0.486,126.224,154215,4
514,Mumtaz Shanti,Kab Tak Rahenge Qaid Hum,70SB3Fx1tljbsHfWLdEBO2,0,0.702,0.212,5,-9.093,1,0.275,0.995,0.703,0.15,0.507,68.67,169779,3
515,Patrick Barnitt,One for My Baby,72WpwJVoOwOseA56sAqtMs,0,0.362,0.212,4,-11.987,0,0.0282,0.893,0.000315,0.129,0.0937,90.843,308901,3
516,Van Shipley,Pyar Hua Hai Jab Se - Instrumental,72eP4OWMsbe0TUPp6Sa2Tk,0,0.649,0.538,7,-11.482,1,0.0419,0.314,4.82e-06,0.108,0.933,80.271,202480,4
517,Nalini Jaywant,Kahta Hai Dil Yeh Baar Baar,74m2BArnYCcmQEB4zc14bO,0,0.536,0.0738,2,-16.753,1,0.0509,0.987,0.927,0.115,0.408,72.12,220587,4
518,Suraiya,Baghon Mein Koyal Boli,76Ug3IphYNG3TRnX5jv6WO,0,0.369,0.104,1,-18.293,1,0.0467,0.995,0.253,0.159,0.484,112.118,161961,4
519,Ludwig van Beethoven,"Piano Sonata No. 23 in F Minor, Op. 57 ""Appassionata"": I. Allegro assai",76sJBIQXb2nLmXYZKEsBt4,0,0.263,0.187,10,-19.351,0,0.0361,0.985,0.911,0.11,0.05,69.497,520133,4
520,Maurice Ravel,"Rapsodie espagnole, M.54: 2. Malagueña",774xDwQcD4QjVQkp15obl2,0,0.19,0.108,1,-22.583,1,0.0405,0.861,0.889,0.11,0.06,98.928,128053,4
521,Max Reger,"Variations And Fugue On A Theme By Wolfgang Amadeus Mozart, Op.132: Variation VII",77gceX9BIPT4oq3BGaVzy6,0,0.201,0.174,5,-17.371,1,0.0404,0.994,0.864,0.0962,0.0504,84.035,174704,3
522,Academia dos Renascidos,Por um só ai,78DdOfIR9Mv18v3Wtnoo3e,0,0.488,0.259,4,-15.484,0,0.376,0.921,0.0,0.138,0.717,206.68,144865,3
523,Ramdulari,Mera Jo Haal Ho So Ho,78tg0eoQOw25e2couVVTi1,0,0.585,0.157,11,-11.089,0,0.168,0.995,0.738,0.249,0.502,63.718,186439,5
524,Anil Biswas,Badal Sa Nikal Chala,7AdtCcvgrJhQ7ErNIKXG9Q,0,0.463,0.192,10,-15.62,1,0.317,0.993,0.952,0.117,0.265,167.89,196320,4
525,Franklin Delano Roosevelt,"On meetings in Cairo and Teheran with Churchill, Stalin, and Chiang Kai-shek - 12 24 1943",7CAyc0uDdlmP6pjZsb8CYD,0,0.69,0.103,1,-18.947,1,0.836,0.978,0.153,0.49,0.592,100.343,1597252,3
526,Safiye Ayla,Uçsun Adadan Göynüme Sinendeki Gamlar,7CX9bkbmbzG5tYgHIveR8T,0,0.314,0.317,8,-12.256,1,0.0665,0.994,0.597,0.502,0.228,81.327,190250,4
527,M. K. Thyagaraja Bhagavathar,Soppana Vaazhvil,7EC8ocTQfay7CYbhR0Pnni,1,0.469,0.349,0,-9.339,1,0.0375,0.961,0.621,0.288,0.827,77.001,191373,4
528,Chittoor V. Nagaiah,Uyyala Logavaya,7EuDHFBywBwfLa7rj5VQ01,0,0.274,0.655,3,-6.943,1,0.0519,0.98,0.000961,0.421,0.816,78.771,121187,5
529,Sitara,Dukh Dard Ke Mare Hai,7FPRYwIOkbraIayE3zRphb,0,0.395,0.145,5,-12.022,1,0.136,0.991,0.848,0.4,0.31,67.676,193892,3
530,Radharani,Roti Brishbhanu Kumari,7IDIHMcoxzGPAFogKSUfvt,0,0.3,0.196,4,-13.169,1,0.0563,0.975,0.382,0.21,0.197,79.297,196160,3
531,Francisco Canaro,San Benito de Palermo - Remasterizado,7IHs4I8MU0Trc0l6uJCNpK,0,0.729,0.437,9,-7.766,1,0.195,0.936,0.761,0.142,0.962,112.541,161493,4
532,Alfred Newman,Good Fortunes - From “The Song Of Bernadette”,7IOJ6fBuIHXg3wrtdRjod5,0,0.225,0.13,0,-17.469,1,0.0371,0.724,0.877,0.0451,0.159,112.3,150267,4
533,Richard Rodgers,Flower Drum Song (1957): Sunday - Voice,7JQCslLHGySj58ti15THTF,0,0.486,0.152,5,-14.213,1,0.0307,0.946,1.5e-05,0.0963,0.488,114.353,258293,4
534,Noor Jehan,Ab To Nahin Duniya Mein,7K2Sh73Cqk6bPEdCkb4Ens,0,0.457,0.234,10,-16.678,1,0.0454,0.986,0.894,0.11,0.406,71.94,196000,4
535,Richard Rodgers,The Sound of Music (1959): Do Re Mi - Voice,7KKfe8Grbssm8gkPxVcKcj,1,0.555,0.227,0,-13.375,1,0.0759,0.903,0.0,0.121,0.488,126.371,352227,4
536,Ghantasala,Karunaalavaala,7LcDOymmCouYMU97ZaPjfc,0,0.384,0.772,2,-4.083,1,0.0707,0.767,3.69e-06,0.152,0.768,156.547,434053,5
537,K.C.Dey,Bande Apna Mol Chukana,7bk4Y8EqmasPn6UOctTXHu,0,0.484,0.24,6,-15.142,0,0.0489,0.994,0.84,0.13,0.528,65.528,177745,4
538,César Franck,"Psyché: 2. Psyché enlevée par les zéphyrs, FWV 47",7cM9DhhnheUbj6UxlJGIcD,0,0.196,0.0324,8,-29.0,1,0.0401,0.904,0.545,0.067,0.0362,128.061,141667,3
539,Farida,Bade Maze Ka Mel Wohi Hai,7cPEQmockU0BwQ7XNeHBWY,0,0.421,0.206,5,-7.756,0,0.0873,0.995,0.0117,0.198,0.623,66.183,203270,4
540,M. K. Thyagaraja Bhagavathar,Vasantha Ruthu,7cW8OfqScVfZCruXOeCrvF,0,0.526,0.41,9,-12.451,1,0.039,0.989,0.889,0.562,0.917,67.151,151440,3
541,Alfred Newman,The Spring - From “The Song Of Bernadette”,7cxxxLHZY0z7ee095ZZNCk,0,0.256,0.354,6,-11.209,0,0.0369,0.927,0.934,0.383,0.0361,58.56,98293,3
542,Francisco Canaro,Claro de Luna - Remasterizado,7dkAGZberGHtadq1Qj46TR,0,0.684,0.321,0,-10.196,1,0.116,0.97,0.903,0.075,0.728,98.728,167840,3
543,Shamshad Begum,Babu Darogaji Kaun Qusoor Par,7e2za9alKCy6CMH8iJj7i4,0,0.562,0.357,6,-12.856,1,0.0615,0.982,1.83e-06,0.126,0.839,140.064,164781,4
544,Sergei Rachmaninoff,"10 Preludes, Op. 23: No. 7 in C Minor: Allegro",7eaxTPTisNtL3lwfFdL87T,0,0.299,0.164,5,-17.117,0,0.0327,0.982,0.917,0.0829,0.158,77.218,144307,4
545,Ludwig van Beethoven,"Sonata No. 8 in C Minor for Piano, Op. 13 ""Pathétque"": I. Grave - Allegro di molto et con brio",7fTXug1wZeLu91uIoMAc8b,1,0.412,0.138,0,-22.349,0,0.0492,0.991,0.886,0.122,0.114,87.035,529973,3
546,Francisco Canaro,Nido Gaucho - Remasterizado,7ffwVw5JzuyIvObfK4xcGN,0,0.515,0.185,9,-12.709,1,0.0526,0.98,0.823,0.121,0.649,130.059,177067,4
547,Veena,Yeh Bade Saba,7gfm9ukq5Jyof6KaBttHMQ,0,0.391,0.206,2,-11.161,1,0.045,0.99,0.609,0.113,0.474,137.373,211173,3
548,Aarti Mukherji,Danrao Danrao,7hpeS04Xn2pA8VShY8oOVm,0,0.474,0.537,2,-13.187,1,0.0737,0.972,0.4,0.238,0.709,100.152,231613,4
549,Alfred Newman,Destiny - From “The Song Of Bernadette”,7ib05a8L4uGsk8L0DiGNXY,0,0.0812,0.169,9,-15.488,1,0.0383,0.31,0.839,0.139,0.0528,82.109,386733,3
550,Amirbai Karnataki,Ab Tere Siva Kaun Mera,7j9ePaPUfD4S72KClJaHBh,0,0.507,0.207,0,-16.263,1,0.0586,0.989,0.0,0.101,0.697,132.257,146834,3
551,Bastiaan Everink,It Came Upon the Midnight Clear,7jRMyXwwYLQdGFhxSZ4xhL,0,0.311,0.477,7,-9.261,1,0.0357,0.903,0.671,0.105,0.35,131.936,283051,4
552,Lead Belly,I Ain't Goin' Down To The Well No More,7jn2DQAf2VMgKgY77rwLhX,0,0.416,0.0808,11,-17.91,1,0.117,0.895,2.24e-06,0.134,0.504,84.19,122175,5
553,Vishnupant Pagnis,Bharat Ki Ek Sannari Ki,7lKUQfBL5zoStG9M4arbjE,0,0.489,0.116,0,-17.663,0,0.0532,0.995,0.881,0.0994,0.372,65.447,164989,5
554,Lead Belly,Story,7mr3zXj7L9IStz3u2Bx1Du,0,0.376,0.128,11,-23.173,1,0.124,0.878,0.00429,0.14,0.578,78.515,125962,1
555,Jamuna,Ghar Hum Ne Le Liya Hai,7nO3bCeODPLZO5Yj6CoNHj,0,0.813,0.174,2,-11.894,0,0.743,0.99,0.00458,0.269,0.477,114.418,204560,4
556,Richard Rodgers,Flower Drum Song (1957): I Enjoy Being A Girl - Voice,7o7ou0mRtu7noFGVQdWWbg,0,0.71,0.213,2,-13.678,1,0.0351,0.946,0.000305,0.143,0.597,102.273,213840,4
557,Bimal Bhushan,"Baro Nashtami Dushtami Kare (From ""Judgesaheber Natni"")",7p8rqoa2Th9D82mZwNf8rB,0,0.671,0.514,5,-7.076,1,0.194,0.993,0.788,0.181,0.736,65.373,170733,3
558,Lead Belly,On A Monday,7pKLWf3RxqfMIcTGKzC0La,0,0.602,0.508,0,-8.162,0,0.123,0.985,0.141,0.184,0.872,120.44,109688,4
559,Odeon Dans Orkestrası,Tuna Dağları - Vals,7qIUIASPDR304YDfkI61A4,0,0.43,0.386,5,-10.433,1,0.0291,0.994,0.918,0.615,0.542,98.106,173304,3
560,Francisco Canaro,Soy un Porteño - Remasterizado,7rcv2M7fKQOLJDulrNI18Z,0,0.817,0.274,1,-11.878,0,0.147,0.964,0.748,0.0879,0.913,109.835,160333,4
561,M. K. Thyagaraja Bhagavathar,Maakaali Annaiye,7sevki2lEOaH3hWs12oBbz,0,0.309,0.414,1,-7.821,1,0.0583,0.889,0.000641,0.574,0.635,168.529,83429,4
562,Ludwig van Beethoven,"Piano Sonata No. 8 in C Minor, Op. 13 ""Pathétique"": II. Adagio cantabile",7uAgNQ6TBtN162nmCxzath,2,0.311,0.0111,8,-31.158,1,0.0444,0.995,0.913,0.12,0.118,49.224,333800,4
563,Francisco Canaro,Nene Caprichoso - Remasterizado,7vANHm7MpGxnVXtoCYXHBD,0,0.749,0.113,4,-13.359,1,0.214,0.993,0.608,0.126,0.756,132.135,217933,4
564,B.S. Raja Iyengar,Paahi Shubhacharithe,7xAyDpRza3wDd6zrLTj5OM,0,0.561,0.705,4,-9.507,0,0.0694,0.812,0.757,0.297,0.417,91.957,180627,1
565,Carl Maria von Weber,"Der Freischütz, Op. 77, J. 277: Und ob die Wolke sie verhülle",7xs3e3B7nNvsPO91OG4a7S,1,0.387,0.305,1,-12.159,0,0.0416,0.991,3.03e-05,0.191,0.129,73.14,236731,4
566,Khurshid Bano,Barso Re Barso Kale Badarwa,7xvMFhtVCVij4B8X3IZroB,0,0.196,0.256,8,-14.821,0,0.0385,0.991,0.918,0.144,0.189,74.502,199970,4
567,Bastiaan Everink,Silent Night,7xwVGDA7M3F0wuVO8ibSzq,0,0.128,0.264,3,-12.079,1,0.0352,0.967,0.237,0.145,0.0745,74.187,271070,3
568,Van Shipley,Piya Tu Ab To Aaja - Instrumental,7ysm5kUjgHCWYCwY68Dk3w,0,0.559,0.561,7,-10.865,0,0.0684,0.453,0.0699,0.857,0.75,122.954,261627,4
569,Richard Rodgers,Oklahoma! (1943): The Surrey With The Fringe On Top - Voice,7yxanc2Zc2aSvTyDnGPr3A,1,0.465,0.2,7,-12.694,1,0.0727,0.956,3.95e-05,0.105,0.355,87.446,349133,4
570,Richard Rodgers,South Pacific (1949): A Wonderful Guy - Voice,7zNOcAn34AVywtf2pconTL,1,0.598,0.242,0,-12.915,1,0.0657,0.91,4.74e-06,0.274,0.532,97.724,212027,3
571,Dennis Morgan,"Good Night, Good Neighbor",00BOb8NfRh2PxlI9p1NdyQ,0,0.242,0.609,6,-7.357,1,0.0539,0.984,0.00576,0.571,0.376,96.482,154273,3
572,Valdemar Davids,Pige med det lyse hår,08UWtAB6KUJdbhpzRTjyWU,0,0.477,0.277,5,-12.411,1,0.0798,0.975,0.0614,0.0498,0.721,184.61,173707,4
573,Raquel Rastenni,En aften med dig,0bRS6AgYaxA6kOorb197WL,0,0.26,0.131,9,-20.506,1,0.0418,0.98,0.79,0.344,0.22,93.928,195493,3
574,Teddy Petersens Koncertorkester og kor,Forår i Heidelberg/En herlig studentertid,0fzXY5NRz6x0yrBiubJ8l2,0,0.406,0.0637,2,-15.995,1,0.0311,0.953,0.0,0.448,0.586,133.787,55890,3
575,Teddy Petersens Koncertorkester og kor,Forår i Heidelberg/I Heidelberg der tabte jeg,0jl21QSxA59YnxXQdwIAJs,0,0.632,0.243,7,-16.112,1,0.0355,0.694,0.0,0.633,0.908,120.901,43085,4
576,Raquel Rastenni,Man skal ha' og gi' et kys,1D0vX28hBExZDrAdd0JOoM,0,0.598,0.115,5,-18.565,1,0.0601,0.98,0.159,0.139,0.641,128.967,183067,4
577,Eddie Russell,Solskins-serenade,1FRUhM3iQsfpB8GRuDYIJb,0,0.374,0.173,0,-17.274,1,0.0375,0.99,0.0273,0.29,0.339,85.654,162493,4
578,Spike Jones Orchestra,Thank Your Lucky Stars (Overture),1KzAAQLnEyeP1ReM7jImgr,0,0.344,0.623,6,-6.96,0,0.0657,0.99,0.403,0.758,0.6,94.117,146193,5
579,Gull-Maj Norin,Nyn en valsemelodi,1bEJfqk4FlBxCxy0FB06yn,0,0.205,0.141,4,-18.174,1,0.039,0.991,0.143,0.32,0.275,80.007,188000,4
580,Teddy Petersens Koncertorkester og kor,Sommer i Tyrol/I sommersol ved Den Hvide Hest,1j09nfKtbXFVr6WqitIden,0,0.423,0.414,3,-11.923,1,0.0286,0.923,0.987,0.726,0.547,68.15,30772,4
581,Dennis Morgan,Ridin' for a Fall,1s33fRA7F4ptTxsQ7boi2x,0,0.647,0.656,3,-8.899,1,0.152,0.993,0.00909,0.393,0.903,98.393,152880,4
582,Ellen Gottschalch,Forår i Heidelberg/Når man holder en j,1yPymjBH5nBfTIifvxFkMX,0,0.654,0.156,0,-16.655,1,0.0677,0.841,0.0,0.226,0.768,78.571,37802,4
583,Gull-Maj Norin,Når alt er forbi,20bEvxLo2U4ZWfb7I42cDb,0,0.355,0.191,7,-15.962,0,0.0409,0.989,0.03,0.162,0.549,143.667,171640,4
584,Spike Jones,"Hotcha Cornia, Black Eyes",21264q44Fz6vNTODuDqWDq,0,0.47,0.933,10,-6.697,1,0.21,0.981,0.786,0.853,0.631,164.328,143685,4
585,Eddie Cantor,We're Staying Home Tonight,27iqKziONJ5fOffqfXNKW0,0,0.753,0.742,9,-6.484,1,0.218,0.983,0.000107,0.691,0.97,146.786,113964,5
586,Max Hansen,"Sommer i Tyrol/Man kan vel ikke gøre for, at",2FjVWI9e1TOH5t5NbHRnuY,0,0.563,0.526,7,-13.028,1,0.0868,0.845,0.0,0.752,0.863,112.815,37349,4
587,Aase Ziegler,Det første rendez.vous,2HDBn1C5he653EfgIcfHxO,0,0.377,0.255,9,-13.095,1,0.0432,0.965,0.358,0.324,0.407,88.517,189467,4
588,Victor Cornelius,Hun er mit livs kendingsmelodi,2U0hdiI7xGTcxjV1eOUKsD,0,0.365,0.236,1,-12.425,1,0.0405,0.992,0.149,0.159,0.589,186.17,172640,4
589,Spike Jones Orchestra,How Sweet You Are,2YM7mW4V6Z0iwbjm8D2ses,0,0.232,0.552,9,-7.432,1,0.0336,0.992,0.0401,0.891,0.182,128.131,203593,4
590,Peter Sørensen,Farvel lille ven,2kjbmdogbnmGJQ8y6vjElw,0,0.451,0.236,2,-15.771,1,0.0429,0.97,6.26e-06,0.115,0.37,123.91,197733,4
591,Teddy Petersens Koncertorkester og kor,Forår i Heidelberg/Vi spejder mod solen,2zM7ZBatfhw1WHlkjfMjIz,0,0.501,0.0704,11,-20.754,1,0.0362,0.958,0.00529,0.523,0.552,115.403,23220,4
592,Helge Leonhard,Jeg har en lille melodi,3Ddr3jgee2iyrpGYM7oVBQ,0,0.451,0.227,10,-17.182,1,0.0504,0.987,0.0407,0.13,0.863,183.34,155267,4
593,Marguerite Viby,Jeg nynner på en sang,3PgymLLF05d83VHFKecbDP,0,0.506,0.133,2,-17.386,0,0.0373,0.992,0.532,0.188,0.32,99.942,178027,4
594,Max Hansen,Sommer i Tyrol/Rigdom har jeg ej,3Qq3bAskvM6Uv7cCZyGeBu,0,0.278,0.225,10,-14.854,1,0.0332,0.865,0.0,0.391,0.226,98.946,56513,1
595,Ellen Gottschalch,Sommer i Tyrol/I Salzkammergut,3XX94fz3Zu2hlNxmWZbs5j,0,0.462,0.228,3,-16.183,0,0.0768,0.837,0.0,0.661,0.512,88.961,64784,1
596,Errol Flynn,That's What You Jolly Well Get,3b8eMcgmmWfHLLOMU4u7q9,0,0.511,0.723,6,-9.3,1,0.34,0.989,0.00218,0.744,0.753,125.077,233686,4
597,Valdemar Davids,Ved landsbyens gadekær,3dABYQwQPblKLeMEu9NwEe,0,0.351,0.251,8,-11.901,1,0.0375,0.942,0.00328,0.0355,0.492,74.268,187093,3
598,Marguerite Viby,To unge hjerter,3pFR6mkN68yyJzgvBXjLUZ,0,0.469,0.293,10,-13.319,1,0.0319,0.976,0.877,0.107,0.452,84.021,178440,4
599,Ellen Gottschalch og Niels Brincker,Forår i Heidelberg/I Heidelberg der tabte jeg,3pMQ1VxwnkFyY9NrO8ZR5c,0,0.489,0.271,8,-13.854,1,0.0425,0.904,0.0,0.12,0.574,116.58,74582,4
600,Bette Davis,They're Either Too Young or Too Old,3r2FaofzkMVm4QLWiY9E2x,0,0.429,0.463,6,-7.779,1,0.0765,0.989,0.00347,0.461,0.491,115.636,287184,5
601,Kordt Sisters,Noahs sang,3taQ6ypHlAKDYNY16ZRT8g,0,0.814,0.149,0,-15.411,0,0.0681,0.974,0.149,0.0857,0.776,105.399,150267,4
602,Joan Leslie,"No You, No Me",3xWO8rLYK0Z6ijQ5dd9ag8,0,0.494,0.642,4,-6.128,0,0.048,0.99,3.34e-05,0.391,0.694,107.313,127617,5
603,Ellen Gottschalch og Niels Brincker,"Forår i Heidelberg/Jomfru, kom, kom, kom",4SeUECcojjKWLcA27z1Ol4,0,0.647,0.219,4,-16.579,1,0.0493,0.83,0.0,0.581,0.838,84.756,32961,4
604,Olivia de Havilland,The Dreamer (Reprise),4iNYDPGr1w2ack0BZ7Vsoi,0,0.625,0.796,8,-7.333,0,0.22,0.978,0.0,0.865,0.579,98.302,141409,4
605,Kordt Sisters,Søndagssangen,4olnwPyLlPfFUe6ajOcNSn,0,0.565,0.33,0,-13.645,0,0.209,0.988,0.0488,0.107,0.82,184.99,162600,4
606,Niels Brincker,Forår i Heidelberg/Det måltid varer,4sfAXMBYaQIJXi2YofT847,0,0.301,0.0482,5,-21.627,1,0.0478,0.959,9.23e-05,0.34,0.335,79.624,37698,4
607,Ellen Gottschalch og Max Hansen,Sommer i Tyrol/I sommersol ved Den Hvide Hest,4yPVQ1wYbW2EyCUKpy4QVi,0,0.513,0.338,0,-15.103,1,0.0434,0.891,0.0,0.755,0.584,60.829,64505,4
608,Max Hansen,"Sommer i Tyrol/Det er det skønneste, jeg ve",54xEvWwLm7W08FR3yeZ1Lh,0,0.29,0.146,5,-17.826,1,0.0322,0.928,0.0,0.495,0.14,95.028,71367,1
609,Niels Brincker,Forår i Heidelberg/Der var en fornem pige,5AjyBNxoDC7IHnvlx5J1P6,0,0.324,0.0965,7,-19.508,1,0.0392,0.982,0.0,0.243,0.447,75.236,58189,4
610,Eddie Russell,Regnvejrs-serenade,5IRyoLdV54RhUaR2WWgJTX,0,0.298,0.124,1,-18.316,1,0.0349,0.989,0.588,0.0959,0.281,131.221,199773,4
611,Teddy Petersens Koncertorkester og kor,Forår i Heidelberg/Gaudeamus Igitur,5U4mdycg8RRMtIG6waCWGd,0,0.473,0.131,10,-15.685,1,0.0349,0.912,0.0,0.0897,0.778,104.126,53325,3
612,Hattle McDaniel,Ice Cold Katie,5ka38mSEicFS31bKoHhGoD,0,0.47,0.961,4,-4.903,1,0.231,0.927,0.0134,0.78,0.227,92.053,287335,4
613,John Garfield,Blues in the Night,5rbKdcMCzBtjDp7MKAAwEg,0,0.57,0.791,8,-8.909,1,0.79,0.989,7.45e-05,0.376,0.513,85.715,133561,1
614,Ann Sheridan,"Love Isn't Born, It's Made",5tmN6QtOytrFWkVCSfWWNo,0,0.374,0.555,10,-9.013,0,0.13,0.991,0.00711,0.529,0.606,72.051,231735,3
615,Marguerite Viby,Jeg har hjertebanken i fødderne,60JKwMuh6iet4HkrJCwpXL,0,0.752,0.443,8,-12.33,1,0.0989,0.982,0.598,0.229,0.928,104.758,161293,4
616,Valdemar Davids,Man kan ikke rationere kærligheden,625AsJn6J5H7uvcvG9ppU8,0,0.54,0.289,0,-11.337,0,0.0435,0.992,0.407,0.138,0.718,172.228,185400,3
617,Ole Monty,Har vi ikke,6EpktbjQVAoPzGB2UHlYFN,0,0.641,0.194,10,-14.502,1,0.0868,0.99,0.0069,0.0698,0.806,182.598,174533,4
618,Ellen Gottschalch,Forår i Heidelberg/Når du ser violen,6TDTJ4aZPsFW8Y0DJ73kOO,0,0.421,0.11,5,-17.304,1,0.037,0.927,0.0,0.311,0.349,93.406,80167,4
619,Victor Cornelius,Livets melodi,6d5R3zFr72luDZIHNE9ZuS,0,0.457,0.23,7,-14.527,0,0.0375,0.961,0.471,0.288,0.458,84.799,188867,4
620,Aase Ziegler,Lykken til dig,6gb2sSiMJmKeNH9TKf0yuS,0,0.337,0.237,3,-12.302,1,0.0369,0.983,0.537,0.315,0.377,106.93,196533,4
621,Niels Brincker,Forår i Heidelberg/Forår i Heidelberg,6of1T0JDV3kU6BavGSD6El,0,0.316,0.197,2,-16.544,1,0.0481,0.923,0.0,0.357,0.607,73.206,40411,3
622,Peter Sørensen,I dine brune øjne,6shGix1AgxtcHCZlcTgjmj,0,0.496,0.314,0,-14.748,1,0.0494,0.918,3.71e-05,0.107,0.403,118.846,194933,4
623,Teddy Petersens Koncertorkester og kor,Sommer i Tyrol/Mit hjerte slår i valsetakt,72MDuU9AaxszNFbSpE0nRM,0,0.331,0.254,0,-15.544,1,0.0303,0.936,4.88e-06,0.838,0.649,48.619,50979,3
624,Spike Jones Orchestra,Finale,7DsnGGZN6qHIneiVFbc0R1,0,0.307,0.716,3,-6.091,0,0.0958,0.988,0.000353,0.668,0.5,90.564,274088,4
625,Ellen Gottschalch,Sommer i Tyrol/Livet er nu engang så,7FiOr9gBfCa0PRSL8NQEEL,0,0.361,0.108,10,-16.823,1,0.0395,0.962,0.0,0.222,0.274,111.37,57168,3
626,Spike Jones Orchestra,"Goin' North, Way Up North",7HwYowf0JfVRIHie6EYmcL,0,0.529,0.882,4,-7.14,1,0.218,0.985,0.0585,0.304,0.61,79.931,231854,4
627,Teddy Petersens Koncertorkester og kor,"Sommer i Tyrol/Så blå, så",7d47u8VkXLYBG1dly8Owkx,0,0.322,0.338,0,-15.212,1,0.0316,0.928,0.0,0.592,0.228,97.519,54079,4
628,Valdemar Davids,Så skøn som solen,7fm9xi285WoZW3x8VAoGWM,0,0.288,0.256,11,-14.746,0,0.037,0.982,0.679,0.234,0.423,150.334,193560,4
629,Spike Jones Orchestra,The Dreamer,7gLWs0ILva2kjQXrOO2Unz,0,0.317,0.321,11,-9.406,1,0.0359,0.994,0.377,0.366,0.396,133.197,220647,4
630,Raquel Rastenni,Så er det kærlighed,7slMzhtlyUgUvHNJZrn2CO,0,0.231,0.161,3,-15.983,1,0.0387,0.988,0.343,0.666,0.144,78.152,172800,1
